parent_A,parent_B,G_ij,cluster_A,cluster_B,Tannin_A,Tannin_B,Tannin_midparent,Tannin_absgap,Phenol_A,Phenol_B,Phenol_midparent,Phenol_absgap,Flavonoid_A,Flavonoid_B,Flavonoid_midparent,Flavonoid_absgap,Antioxidant_A,Antioxidant_B,Antioxidant_midparent,Antioxidant_absgap,Seed_Length_A,Seed_Length_B,Seed_Length_midparent,Seed_Length_absgap,Seed_Width_A,Seed_Width_B,Seed_Width_midparent,Seed_Width_absgap,Seed_Thickness_A,Seed_Thickness_B,Seed_Thickness_midparent,Seed_Thickness_absgap,Mass_of_Seeds_A,Mass_of_Seeds_B,Mass_of_Seeds_midparent,Mass_of_Seeds_absgap,Seed_Coat_Tannin_A,Seed_Coat_Tannin_B,Seed_Coat_Tannin_midparent,Seed_Coat_Tannin_absgap,Crude_Protein_A,Crude_Protein_B,Crude_Protein_midparent,Crude_Protein_absgap,Total_Oxalate_A,Total_Oxalate_B,Total_Oxalate_midparent,Total_Oxalate_absgap,Soluble_Oxalate_A,Soluble_Oxalate_B,Soluble_Oxalate_midparent,Soluble_Oxalate_absgap,Insoluble_Oxalate_A,Insoluble_Oxalate_B,Insoluble_Oxalate_midparent,Insoluble_Oxalate_absgap
TSs24,TSs358,-0.30292679515958615,2,1,708.902476595967,604.948240539693,656.92535856783,103.954236056274,79.5223089316254,493.280416621162,286.4013627763937,413.7581076895366,85.8761231501137,106.393859340583,96.13499124534835,20.517736190469307,97.658671872829,233.724883943803,165.691777908316,136.06621207097402,8.639,8.618,8.628499999999999,0.02099999999999902,6.83,6.819,6.8245000000000005,0.01100000000000012,6.524,6.798,6.661,0.274,0.3032,0.3188,0.311,0.015599999999999947,732.829439465194,743.878474243588,738.3539568543911,11.049034778394002,,30.7540975617775,,,,1033.44238905325,,,,299.878875370553,,,,733.563513682701,,
TSs151B,TSs24,-0.3027557115967696,1,2,,708.902476595967,,,,79.5223089316254,,,,85.8761231501137,,,,97.658671872829,,,7.776,8.639,8.2075,0.8629999999999995,5.898,6.83,6.364,0.9320000000000004,5.699,6.524,6.1114999999999995,0.8250000000000002,0.2064,0.3032,0.2548,0.09680000000000002,1136.7674734124,732.829439465194,934.7984564387971,403.938033947206,,,,,,,,,,,,,,,,
TSs361,TSs24,-0.3017593158770609,1,2,697.419649368991,708.902476595967,703.161062982479,11.482827226975928,274.975748250218,79.5223089316254,177.24902859092168,195.4534393185926,148.504843097067,85.8761231501137,117.19048312359035,62.62871994695331,224.357952411057,97.658671872829,161.008312141943,126.699280538228,8.579,8.639,8.609,0.05999999999999872,6.784,6.83,6.807,0.04600000000000026,6.554,6.524,6.539,0.03000000000000025,0.3004,0.3032,0.3018,0.0028000000000000247,969.97090051681,732.829439465194,851.400169991002,237.14146105161603,36.6822429906542,,,,853.189029158319,,,,307.592219560878,,,,545.59680959744,,,
TSs361,TSs303,-0.301731141234448,1,2,697.419649368991,843.146276252702,770.2829628108466,145.726626883711,274.975748250218,159.870637257378,217.423192753798,115.10511099283997,148.504843097067,120.285901551985,134.39537232452602,28.218941545082004,224.357952411057,242.711574645193,233.53476352812498,18.353622234135997,8.579,7.741,8.16,0.838000000000001,6.784,6.075,6.4295,0.7089999999999996,6.554,6.221,6.3875,0.3330000000000002,0.3004,0.2341,0.26725,0.0663,969.97090051681,1099.36089489785,1034.66589770733,129.38999438103986,36.6822429906542,,,,853.189029158319,,,,307.592219560878,,,,545.59680959744,,,
TSs303,TSs358,-0.29766938711701674,2,1,843.146276252702,604.948240539693,724.0472583961975,238.19803571300906,159.870637257378,493.280416621162,326.57552693927,333.40977936378397,120.285901551985,106.393859340583,113.33988044628401,13.892042211402,242.711574645193,233.724883943803,238.218229294498,8.986690701389989,7.741,8.618,8.1795,0.8770000000000007,6.075,6.819,6.447,0.7439999999999998,6.221,6.798,6.5095,0.577,0.2341,0.3188,0.27645,0.08469999999999997,1099.36089489785,743.878474243588,921.619684570719,355.4824206542619,,30.7540975617775,,,,1033.44238905325,,,,299.878875370553,,,,733.563513682701,,
TSs151B,TSs303,-0.2964858016068634,1,2,,843.146276252702,,,,159.870637257378,,,,120.285901551985,,,,242.711574645193,,,7.776,7.741,7.7585,0.03500000000000014,5.898,6.075,5.9864999999999995,0.1770000000000005,5.699,6.221,5.96,0.5220000000000002,0.2064,0.2341,0.22025,0.027700000000000002,1136.7674734124,1099.36089489785,1118.064184155125,37.40657851455012,,,,,,,,,,,,,,,,
TSs155,TSs317,-0.2793986116190173,1,2,864.012320443296,679.194862253083,771.6035913481894,184.81745819021296,142.67603038409,148.827114977169,145.75157268062952,6.151084593078991,179.590054803224,208.16394267839,193.87699874080698,28.57388787516598,247.751741701418,314.401185844708,281.076463773063,66.64944414328997,7.613,8.771,8.192,1.1580000000000004,5.77,6.744,6.257,0.9740000000000002,5.826,6.263,6.044499999999999,0.4370000000000003,0.2024,0.2954,0.2489,0.093,862.649460546495,1064.4492839394,963.5493722429475,201.79982339290495,,,,,,,,,,,,,,,,
TSs157A,TSs155,-0.2793691293273879,2,1,329.972674531224,864.012320443296,596.9924974872599,534.0396459120719,365.465608641324,142.67603038409,254.07081951270703,222.789578257234,87.0501306743437,179.590054803224,133.32009273878384,92.5399241288803,282.680516222871,247.751741701418,265.2161289621445,34.92877452145299,8.551,7.613,8.082,0.9379999999999997,6.323,5.77,6.0465,0.5530000000000008,6.356,5.826,6.090999999999999,0.5300000000000002,0.2715,0.2024,0.23695,0.06910000000000002,865.295227863506,862.649460546495,863.9723442050006,2.645767317011064,,,,,,,,,,,,,,,,
TSs151B,TSs56,-0.2752544584403438,1,2,,665.975302955991,,,,112.777425355133,,,,156.045644268136,,,,205.237639680723,,,7.776,9.495,8.6355,1.7189999999999994,5.898,6.814,6.356,0.9160000000000004,5.699,6.547,6.122999999999999,0.8479999999999999,0.2064,0.3431,0.27475,0.13670000000000002,1136.7674734124,922.690182749731,1029.7288280810656,214.07729066266904,,,,,,,,,,,,,,,,
TSs98,TSs358,-0.2737032452159416,2,1,983.632105533015,604.948240539693,794.290173036354,378.683864993322,129.490219976921,493.280416621162,311.3853182990415,363.79019664424095,171.197251768599,106.393859340583,138.795555554591,64.80339242801598,376.805060174128,233.724883943803,305.2649720589655,143.080176230325,9.212,8.618,8.915,0.5939999999999994,7.132,6.819,6.9755,0.3129999999999997,7.113,6.798,6.955500000000001,0.3150000000000004,0.3607,0.3188,0.33975,0.04190000000000005,1061.50323698195,743.878474243588,902.690855612769,317.62476273836205,28.9746376012456,30.7540975617775,29.86436758151155,1.7794599605318986,938.607383578431,1033.44238905325,986.0248863158406,94.83500547481901,344.759825512942,299.878875370553,322.3193504417475,44.880950142389,593.84755806549,733.563513682701,663.7055358740955,139.71595561721097
TSs361,TSs56,-0.27159757214295993,1,2,697.419649368991,665.975302955991,681.6974761624911,31.444346413000062,274.975748250218,112.777425355133,193.8765868026755,162.19832289508497,148.504843097067,156.045644268136,152.2752436826015,7.540801171068978,224.357952411057,205.237639680723,214.79779604588998,19.120312730334007,8.579,9.495,9.036999999999999,0.9159999999999986,6.784,6.814,6.7989999999999995,0.03000000000000025,6.554,6.547,6.5504999999999995,0.007000000000000561,0.3004,0.3431,0.32175,0.042700000000000016,969.97090051681,922.690182749731,946.3305416332705,47.28071776707907,36.6822429906542,,,,853.189029158319,,,,307.592219560878,,,,545.59680959744,,,
TSs361,TSs98,-0.26918782204506864,1,2,697.419649368991,983.632105533015,840.525877451003,286.21245616402393,274.975748250218,129.490219976921,202.2329841135695,145.48552827329698,148.504843097067,171.197251768599,159.851047432833,22.69240867153198,224.357952411057,376.805060174128,300.5815062925925,152.44710776307102,8.579,9.212,8.8955,0.6329999999999991,6.784,7.132,6.958,0.34799999999999986,6.554,7.113,6.833500000000001,0.5590000000000002,0.3004,0.3607,0.33055,0.06030000000000002,969.97090051681,1061.50323698195,1015.7370687493801,91.53233646514002,36.6822429906542,28.9746376012456,32.8284402959499,7.707605389408602,853.189029158319,938.607383578431,895.898206368375,85.418354420112,307.592219560878,344.759825512942,326.17602253690995,37.16760595206398,545.59680959744,593.84755806549,569.722183831465,48.250748468050006
TSs361,TSs317,-0.26879248437972253,1,2,697.419649368991,679.194862253083,688.3072558110371,18.224787115908043,274.975748250218,148.827114977169,211.9014316136935,126.14863327304897,148.504843097067,208.16394267839,178.33439288772848,59.65909958132298,224.357952411057,314.401185844708,269.3795691278825,90.04323343365098,8.579,8.771,8.675,0.19200000000000017,6.784,6.744,6.763999999999999,0.040000000000000036,6.554,6.263,6.4085,0.29100000000000037,0.3004,0.2954,0.2979,0.0050000000000000044,969.97090051681,1064.4492839394,1017.2100922281049,94.4783834225899,36.6822429906542,,,,853.189029158319,,,,307.592219560878,,,,545.59680959744,,,
TSs151B,TSs98,-0.2673993142274134,1,2,,983.632105533015,,,,129.490219976921,,,,171.197251768599,,,,376.805060174128,,,7.776,9.212,8.494,1.436,5.898,7.132,6.515,1.234,5.699,7.113,6.406000000000001,1.4140000000000006,0.2064,0.3607,0.28355,0.15430000000000002,1136.7674734124,1061.50323698195,1099.1353551971752,75.26423643044996,,28.9746376012456,,,,938.607383578431,,,,344.759825512942,,,,593.84755806549,,
TSs317,TSs358,-0.2657187874499147,2,1,679.194862253083,604.948240539693,642.071551396388,74.24662171339003,148.827114977169,493.280416621162,321.0537657991655,344.453301643993,208.16394267839,106.393859340583,157.2789010094865,101.77008333780698,314.401185844708,233.724883943803,274.0630348942555,80.67630190090497,8.771,8.618,8.694500000000001,0.15300000000000047,6.744,6.819,6.781499999999999,0.07500000000000018,6.263,6.798,6.5305,0.5350000000000001,0.2954,0.3188,0.3071,0.023399999999999976,1064.4492839394,743.878474243588,904.163879091494,320.57080969581193,,30.7540975617775,,,,1033.44238905325,,,,299.878875370553,,,,733.563513682701,,
TSs56,TSs358,-0.2656437936236969,2,1,665.975302955991,604.948240539693,635.461771747842,61.02706241629801,112.777425355133,493.280416621162,303.0289209881475,380.50299126602897,156.045644268136,106.393859340583,131.2197518043595,49.65178492755298,205.237639680723,233.724883943803,219.481261812263,28.487244263080015,9.495,8.618,9.0565,0.8769999999999989,6.814,6.819,6.8165,0.004999999999999893,6.547,6.798,6.672499999999999,0.25100000000000033,0.3431,0.3188,0.33094999999999997,0.024300000000000044,922.690182749731,743.878474243588,833.2843284966596,178.81170850614296,,30.7540975617775,,,,1033.44238905325,,,,299.878875370553,,,,733.563513682701,,
TSs151B,TSs317,-0.262081859187379,1,2,,679.194862253083,,,,148.827114977169,,,,208.16394267839,,,,314.401185844708,,,7.776,8.771,8.2735,0.995000000000001,5.898,6.744,6.321,0.8460000000000001,5.699,6.263,5.981,0.5640000000000001,0.2064,0.2954,0.2509,0.089,1136.7674734124,1064.4492839394,1100.6083786759,72.31818947300007,,,,,,,,,,,,,,,,
TSs361,TSs49,-0.258089037816867,1,2,697.419649368991,402.279338036836,549.8494937029135,295.140311332155,274.975748250218,236.310690798753,255.6432195244855,38.665057451464975,148.504843097067,157.038686779085,152.771764938076,8.533843682017988,224.357952411057,298.909487468502,261.6337199397795,74.551535057445,8.579,8.755,8.667000000000002,0.17600000000000016,6.784,6.454,6.619,0.33000000000000007,6.554,5.916,6.235,0.6379999999999999,0.3004,0.2624,0.2814,0.03799999999999998,969.97090051681,723.218973090569,846.5949368036895,246.75192742624108,36.6822429906542,,,,853.189029158319,,,,307.592219560878,,,,545.59680959744,,,
TSs49,TSs358,-0.2562557679830043,2,1,402.279338036836,604.948240539693,503.61378928826446,202.66890250285695,236.310690798753,493.280416621162,364.7955537099575,256.969725822409,157.038686779085,106.393859340583,131.716273059834,50.64482743850199,298.909487468502,233.724883943803,266.3171857061525,65.18460352469899,8.755,8.618,8.6865,0.13700000000000045,6.454,6.819,6.6365,0.3650000000000002,5.916,6.798,6.357,0.8819999999999997,0.2624,0.3188,0.29059999999999997,0.05639999999999995,723.218973090569,743.878474243588,733.5487236670785,20.65950115301905,,30.7540975617775,,,,1033.44238905325,,,,299.878875370553,,,,733.563513682701,,
TSs156A,TSs217,-0.2560563676916612,1,2,673.027286238732,650.649677652133,661.8384819454325,22.377608586598967,227.193040482138,204.223149250866,215.708094866502,22.969891231272015,87.0933996609076,129.634790939371,108.3640953001393,42.541391278463394,129.392142398117,521.612935220157,325.50253880913704,392.22079282204004,7.666,7.824,7.745,0.15799999999999947,7.115,6.0,6.5575,1.1150000000000002,6.955,5.659,6.307,1.2960000000000003,0.2889,0.2091,0.249,0.07979999999999998,956.650402414259,1154.58308288755,1055.6167426509046,197.93268047329104,,,,,,,,,,,,,,,,
TSs209,TSs282,-0.25525005298472025,2,2,148.461797672119,660.284995971696,404.37339682190753,511.82319829957703,128.57200773084,145.065018503903,136.81851311737148,16.49301077306299,33.3316633707094,90.9043818134728,62.118022592091094,57.572718442763396,157.342672795309,334.345418483785,245.844045639547,177.002745688476,7.882,8.552,8.216999999999999,0.6699999999999999,6.475,6.501,6.4879999999999995,0.02600000000000069,6.054,6.3747,6.21435,0.32069999999999954,0.239,0.264,0.2515,0.025000000000000022,240.137991787037,718.698073517234,479.4180326521355,478.560081730197,,,,,,,,,,,,,,,,
TSs155,TSs303,-0.252465634607287,1,2,864.012320443296,843.146276252702,853.5792983479989,20.866044190593925,142.67603038409,159.870637257378,151.27333382073402,17.194606873287995,179.590054803224,120.285901551985,149.93797817760452,59.304153251239,247.751741701418,242.711574645193,245.2316581733055,5.040167056225016,7.613,7.741,7.677,0.12799999999999923,5.77,6.075,5.922499999999999,0.3050000000000006,5.826,6.221,6.0235,0.39500000000000046,0.2024,0.2341,0.21825,0.031700000000000006,862.649460546495,1099.36089489785,981.0051777221724,236.7114343513549,,,,,,,,,,,,,,,,
TSs156A,TSs98,-0.2516650444637434,1,2,673.027286238732,983.632105533015,828.3296958858734,310.60481929428295,227.193040482138,129.490219976921,178.3416302295295,97.702820505217,87.0933996609076,171.197251768599,129.14532571475328,84.1038521076914,129.392142398117,376.805060174128,253.09860128612252,247.41291777601103,7.666,9.212,8.439,1.5459999999999994,7.115,7.132,7.1235,0.01699999999999946,6.955,7.113,7.034000000000001,0.15800000000000036,0.2889,0.3607,0.3248,0.07180000000000003,956.650402414259,1061.50323698195,1009.0768196981046,104.85283456769105,,28.9746376012456,,,,938.607383578431,,,,344.759825512942,,,,593.84755806549,,
TSs96,TSs358,-0.24965993084729735,2,1,382.617149647015,604.948240539693,493.782695093354,222.33109089267793,267.949934683547,493.280416621162,380.6151756523545,225.330481937615,130.328205065851,106.393859340583,118.36103220321701,23.93434572526799,180.035552000817,233.724883943803,206.88021797231,53.689331942986,9.016,8.618,8.817,0.3979999999999997,6.71,6.819,6.7645,0.10899999999999999,6.32,6.798,6.559,0.47799999999999976,0.2877,0.3188,0.30325,0.03109999999999996,805.785229341316,743.878474243588,774.831851792452,61.90675509772802,,30.7540975617775,,,,1033.44238905325,,,,299.878875370553,,,,733.563513682701,,
TSs151B,TSs217,-0.24774526370251926,1,2,,650.649677652133,,,,204.223149250866,,,,129.634790939371,,,,521.612935220157,,,7.776,7.824,7.8,0.04800000000000004,5.898,6.0,5.949,0.10200000000000031,5.699,5.659,5.679,0.040000000000000036,0.2064,0.2091,0.20775,0.002700000000000008,1136.7674734124,1154.58308288755,1145.675278149975,17.81560947515004,,,,,,,,,,,,,,,,
TSs151B,TSs371,-0.24701617921768948,1,2,,754.696894597476,,,,148.631389909466,,,,126.675629028688,,,,268.389045475978,,,7.776,8.956,8.366,1.1799999999999997,5.898,7.066,6.481999999999999,1.1680000000000001,5.699,7.25,6.4745,1.5510000000000002,0.2064,0.3684,0.2874,0.162,1136.7674734124,1068.01152388284,1102.38949864762,68.75594952955998,,29.6420607355193,,,,811.726023218387,,,,295.461404858577,,,,516.26461835981,,
TSs133,TSs24,-0.246993832784781,1,2,350.181189808862,708.902476595967,529.5418332024144,358.721286787105,211.66843466716,79.5223089316254,145.5953717993927,132.1461257355346,124.482152977083,85.8761231501137,105.17913806359834,38.606029826969305,218.153587437576,97.658671872829,157.9061296552025,120.49491556474699,8.543,8.639,8.591,0.09600000000000009,6.994,6.83,6.912,0.1639999999999997,6.831,6.524,6.6775,0.3070000000000004,0.3192,0.3032,0.31120000000000003,0.01599999999999996,705.489398780134,732.829439465194,719.1594191226641,27.34004068505999,,,,,,,,,,,,,,,,
TSs217,TSs358,-0.2469737573307798,2,1,650.649677652133,604.948240539693,627.798959095913,45.70143711244009,204.223149250866,493.280416621162,348.75178293601397,289.057267370296,129.634790939371,106.393859340583,118.01432513997699,23.24093159878798,521.612935220157,233.724883943803,377.66890958198,287.8880512763541,7.824,8.618,8.221,0.7940000000000005,6.0,6.819,6.4094999999999995,0.819,5.659,6.798,6.2285,1.1390000000000002,0.2091,0.3188,0.26395,0.10969999999999996,1154.58308288755,743.878474243588,949.230778565569,410.70460864396205,,30.7540975617775,,,,1033.44238905325,,,,299.878875370553,,,,733.563513682701,,
TSs49,TSs151B,-0.24637561476906678,2,1,402.279338036836,,,,236.310690798753,,,,157.038686779085,,,,298.909487468502,,,,8.755,7.776,8.2655,0.979000000000001,6.454,5.898,6.176,0.556,5.916,5.699,5.8075,0.21700000000000053,0.2624,0.2064,0.2344,0.05600000000000002,723.218973090569,1136.7674734124,929.9932232514846,413.54850032183106,,,,,,,,,,,,,,,,
TSs363,TSs317,-0.24429487047163362,1,2,522.529740487655,679.194862253083,600.862301370369,156.665121765428,144.944952744426,148.827114977169,146.8860338607975,3.8821622327430134,78.598991363029,208.16394267839,143.3814670207095,129.564951315361,274.354203181557,314.401185844708,294.3776945131325,40.04698266315097,8.546,8.771,8.6585,0.22500000000000142,6.877,6.744,6.810499999999999,0.133,6.773,6.263,6.518,0.5099999999999998,0.3137,0.2954,0.30455,0.018299999999999983,689.818679398602,1064.4492839394,877.133981669001,374.630604540798,31.5290495289265,,,,999.110778466456,,,,409.020536900019,,,,590.090241566437,,,
TSs325,TSs282,-0.2442361163715466,2,2,298.07419365711,660.284995971696,479.179594814403,362.21080231458603,83.6720723637473,145.065018503903,114.36854543382515,61.392946140155686,97.3251938207849,90.9043818134728,94.11478781712884,6.420812007312108,209.058783470417,334.345418483785,271.702100977101,125.286635013368,8.72,8.552,8.636,0.16800000000000104,6.954,6.501,6.7275,0.4529999999999994,6.341,6.3747,6.35785,0.03369999999999962,0.3175,0.264,0.29075,0.05349999999999999,321.231248697492,718.698073517234,519.964661107363,397.466824819742,43.6726873654779,,,,1241.86179212285,,,,263.07966754666,,,,978.782124576187,,,
TSs168,TSs282,-0.24361835799540282,2,2,491.780246219773,660.284995971696,576.0326210957345,168.50474975192304,115.190952605561,145.065018503903,130.127985554732,29.874065898341996,108.407802391138,90.9043818134728,99.6560921023054,17.50342057766521,143.130312354818,334.345418483785,238.7378654193015,191.21510612896702,8.648,8.552,8.6,0.09600000000000009,7.089,6.501,6.795,0.5880000000000001,6.648,6.3747,6.51135,0.2732999999999999,0.3105,0.264,0.28725,0.046499999999999986,733.963475072292,718.698073517234,726.3307742947629,15.26540155505802,,,,,,,,,,,,,,,,
TSs166,TSs358,-0.24342452783820193,2,1,661.818696549931,604.948240539693,633.383468544812,56.87045601023806,140.081494406918,493.280416621162,316.68095551403997,353.19892221424396,112.405700572529,106.393859340583,109.399779956556,6.0118412319459935,253.780425576748,233.724883943803,243.7526547602755,20.055541632944994,8.584,8.618,8.600999999999999,0.034000000000000696,6.686,6.819,6.7524999999999995,0.133,7.041,6.798,6.9195,0.24300000000000033,0.3126,0.3188,0.3157,0.006199999999999983,792.747381128098,743.878474243588,768.3129276858431,48.86890688451001,41.4366563404871,30.7540975617775,36.095376951132295,10.682558778709598,1098.16330555922,1033.44238905325,1065.802847306235,64.72091650596985,525.43003314321,299.878875370553,412.65445425688154,225.55115777265706,572.733272416013,733.563513682701,653.1483930493571,160.83024126668795
TSs361,TSs217,-0.24300987935070298,1,2,697.419649368991,650.649677652133,674.034663510562,46.76997171685798,274.975748250218,204.223149250866,239.59944875054197,70.75259899935199,148.504843097067,129.634790939371,139.069817018219,18.870052157696023,224.357952411057,521.612935220157,372.985443815607,297.25498280910006,8.579,7.824,8.2015,0.7550000000000008,6.784,6.0,6.3919999999999995,0.7839999999999998,6.554,5.659,6.1065000000000005,0.8950000000000005,0.3004,0.2091,0.25475000000000003,0.09129999999999999,969.97090051681,1154.58308288755,1062.27699170218,184.61218237074002,36.6822429906542,,,,853.189029158319,,,,307.592219560878,,,,545.59680959744,,,
TSs151B,TSs96,-0.2429380952441604,1,2,,382.617149647015,,,,267.949934683547,,,,130.328205065851,,,,180.035552000817,,,7.776,9.016,8.396,1.2400000000000002,5.898,6.71,6.304,0.8120000000000003,5.699,6.32,6.0095,0.6210000000000004,0.2064,0.2877,0.24705,0.08130000000000001,1136.7674734124,805.785229341316,971.276351376858,330.982244071084,,,,,,,,,,,,,,,,
TSs361,TSs96,-0.2428970852632459,1,2,697.419649368991,382.617149647015,540.0183995080031,314.802499721976,274.975748250218,267.949934683547,271.4628414668825,7.02581356667099,148.504843097067,130.328205065851,139.416524081459,18.176638031216015,224.357952411057,180.035552000817,202.196752205937,44.32240041023999,8.579,9.016,8.7975,0.4369999999999994,6.784,6.71,6.747,0.07399999999999984,6.554,6.32,6.437,0.23399999999999999,0.3004,0.2877,0.29405000000000003,0.012699999999999989,969.97090051681,805.785229341316,887.878064929063,164.185671175494,36.6822429906542,,,,853.189029158319,,,,307.592219560878,,,,545.59680959744,,,
TSs371,TSs358,-0.2425635105979938,2,1,754.696894597476,604.948240539693,679.8225675685844,149.74865405778303,148.631389909466,493.280416621162,320.95590326531396,344.64902671169597,126.675629028688,106.393859340583,116.5347441846355,20.281769688104987,268.389045475978,233.724883943803,251.0569647098905,34.66416153217497,8.956,8.618,8.786999999999999,0.3379999999999992,7.066,6.819,6.9425,0.2469999999999999,7.25,6.798,7.024,0.45199999999999996,0.3684,0.3188,0.3436,0.04960000000000003,1068.01152388284,743.878474243588,905.944999063214,324.133049639252,29.6420607355193,30.7540975617775,30.1980791486484,1.1120368262581977,811.726023218387,1033.44238905325,922.5842061358185,221.71636583486304,295.461404858577,299.878875370553,297.670140114565,4.417470511975978,516.26461835981,733.563513682701,624.9140660212555,217.29889532289098
TSs155,TSs3A,-0.24146291396064815,1,2,864.012320443296,825.279335127708,844.645827785502,38.73298531558794,142.67603038409,113.317097195181,127.9965637896355,29.358933188909006,179.590054803224,75.6605824448428,127.62531862403341,103.9294723583812,247.751741701418,214.716345120326,231.234043410872,33.035396581092016,7.613,8.803,8.208,1.1900000000000004,5.77,6.414,6.092,0.6440000000000001,5.826,5.916,5.871,0.09000000000000075,0.2024,0.2767,0.23954999999999999,0.0743,862.649460546495,756.556670346454,809.6030654464745,106.09279020004101,,34.6398832755904,,,,848.089693411611,,,,364.576250769915,,,,483.513442641697,,
TSs151B,TSs166,-0.24106995889652774,1,2,,661.818696549931,,,,140.081494406918,,,,112.405700572529,,,,253.780425576748,,,7.776,8.584,8.18,0.8079999999999998,5.898,6.686,6.292,0.7880000000000003,5.699,7.041,6.37,1.3420000000000005,0.2064,0.3126,0.2595,0.10619999999999999,1136.7674734124,792.747381128098,964.7574272702491,344.020092284302,,41.4366563404871,,,,1098.16330555922,,,,525.43003314321,,,,572.733272416013,,
TSs49,TSs155,-0.24078922081118662,2,1,402.279338036836,864.012320443296,633.145829240066,461.73298240645994,236.310690798753,142.67603038409,189.4933605914215,93.63466041466299,157.038686779085,179.590054803224,168.3143707911545,22.55136802413901,298.909487468502,247.751741701418,273.33061458496,51.15774576708398,8.755,7.613,8.184000000000001,1.1420000000000003,6.454,5.77,6.112,0.6840000000000002,5.916,5.826,5.871,0.09000000000000075,0.2624,0.2024,0.2324,0.060000000000000026,723.218973090569,862.649460546495,792.9342168185319,139.43048745592603,,,,,,,,,,,,,,,,
TSs363,TSs166,-0.2382124963524707,1,2,522.529740487655,661.818696549931,592.1742185187929,139.28895606227604,144.944952744426,140.081494406918,142.513223575672,4.8634583375079785,78.598991363029,112.405700572529,95.50234596777901,33.8067092095,274.354203181557,253.780425576748,264.0673143791525,20.57377760480901,8.546,8.584,8.565,0.038000000000000256,6.877,6.686,6.781499999999999,0.19099999999999984,6.773,7.041,6.907,0.2680000000000007,0.3137,0.3126,0.31315,0.0010999999999999899,689.818679398602,792.747381128098,741.2830302633499,102.92870172949608,31.5290495289265,41.4366563404871,36.4828529347068,9.907606811560598,999.110778466456,1098.16330555922,1048.637042012838,99.05252709276385,409.020536900019,525.43003314321,467.2252850216145,116.40949624319103,590.090241566437,572.733272416013,581.411756991225,17.356969150423993
TSs157A,TSs363,-0.2374471553423415,2,1,329.972674531224,522.529740487655,426.2512075094395,192.55706595643096,365.465608641324,144.944952744426,255.20528069287502,220.52065589689803,87.0501306743437,78.598991363029,82.82456101868635,8.451139311314705,282.680516222871,274.354203181557,278.517359702214,8.326313041313995,8.551,8.546,8.5485,0.005000000000000782,6.323,6.877,6.6,0.5539999999999994,6.356,6.773,6.5645,0.4169999999999998,0.2715,0.3137,0.29259999999999997,0.04219999999999996,865.295227863506,689.818679398602,777.5569536310541,175.4765484649041,,31.5290495289265,,,,999.110778466456,,,,409.020536900019,,,,590.090241566437,,
TSs361,TSs371,-0.23691783314962211,1,2,697.419649368991,754.696894597476,726.0582719832335,57.27724522848496,274.975748250218,148.631389909466,211.803569079842,126.34435834075197,148.504843097067,126.675629028688,137.5902360628775,21.829214068379017,224.357952411057,268.389045475978,246.3734989435175,44.03109306492098,8.579,8.956,8.7675,0.3769999999999989,6.784,7.066,6.925,0.28200000000000003,6.554,7.25,6.902,0.6959999999999997,0.3004,0.3684,0.33440000000000003,0.068,969.97090051681,1068.01152388284,1018.991212199825,98.04062336602999,36.6822429906542,29.6420607355193,33.16215186308675,7.040182255134901,853.189029158319,811.726023218387,832.4575261883531,41.46300593993203,307.592219560878,295.461404858577,301.5268122097275,12.130814702300995,545.59680959744,516.26461835981,530.930713978625,29.332191237630013
TSs151B,TSs78,-0.23593523238787367,1,2,,695.466383626912,,,,139.253993829126,,,,100.126791399912,,,,225.964245136732,,,7.776,9.336,8.556000000000001,1.5600000000000005,5.898,7.176,6.537,1.2780000000000005,5.699,7.003,6.351,1.3040000000000003,0.2064,0.3559,0.28115,0.1495,1136.7674734124,495.150819187521,815.9591462999605,641.6166542248791,,25.9569225657266,,,,1094.70231079343,,,,411.41422623503,,,,683.288084558403,,
TSs361,TSs3,-0.23582371755570763,1,2,697.419649368991,847.875300651545,772.647475010268,150.45565128255396,274.975748250218,180.47668886102,227.72621855561897,94.49905938919798,148.504843097067,161.399050648578,154.9519468728225,12.894207551510988,224.357952411057,427.941033817738,326.1494931143975,203.583081406681,8.579,8.079,8.329,0.5,6.784,6.465,6.624499999999999,0.31899999999999995,6.554,6.029,6.2915,0.5250000000000004,0.3004,0.2474,0.27390000000000003,0.05299999999999999,969.97090051681,767.938768014801,868.9548342658055,202.03213250200906,36.6822429906542,37.4236221778728,37.0529325842635,0.7413791872185982,853.189029158319,1062.53685451617,957.8629418372445,209.34782535785098,307.592219560878,437.817858267717,372.70503891429746,130.225638706839,545.59680959744,624.718996248455,585.1579029229475,79.122186651015
TSs361,TSs166,-0.23546141575732438,1,2,697.419649368991,661.818696549931,679.619172959461,35.60095281906001,274.975748250218,140.081494406918,207.528621328568,134.89425384329996,148.504843097067,112.405700572529,130.455271834798,36.09914252453801,224.357952411057,253.780425576748,239.06918899390251,29.422473165691002,8.579,8.584,8.5815,0.004999999999999005,6.784,6.686,6.734999999999999,0.09799999999999986,6.554,7.041,6.7975,0.4870000000000001,0.3004,0.3126,0.3065,0.012199999999999989,969.97090051681,792.747381128098,881.359140822454,177.22351938871202,36.6822429906542,41.4366563404871,39.059449665570654,4.754413349832895,853.189029158319,1098.16330555922,975.6761673587695,244.97427640090086,307.592219560878,525.43003314321,416.511126352044,217.83781358233205,545.59680959744,572.733272416013,559.1650410067266,27.136462818573023
TSs363,TSs303,-0.23507823158082647,1,2,522.529740487655,843.146276252702,682.8380083701785,320.61653576504705,144.944952744426,159.870637257378,152.407795000902,14.925684512952017,78.598991363029,120.285901551985,99.442446457507,41.686910188956006,274.354203181557,242.711574645193,258.532888913375,31.642628536364015,8.546,7.741,8.1435,0.8049999999999997,6.877,6.075,6.476,0.8019999999999996,6.773,6.221,6.497,0.5519999999999996,0.3137,0.2341,0.2739,0.07959999999999998,689.818679398602,1099.36089489785,894.5897871482259,409.54221549924796,31.5290495289265,,,,999.110778466456,,,,409.020536900019,,,,590.090241566437,,,
TSs363,TSs98,-0.2350633953170616,1,2,522.529740487655,983.632105533015,753.080923010335,461.10236504536,144.944952744426,129.490219976921,137.2175863606735,15.454732767504993,78.598991363029,171.197251768599,124.898121565814,92.59826040556999,274.354203181557,376.805060174128,325.5796316778425,102.450856992571,8.546,9.212,8.879,0.6660000000000004,6.877,7.132,7.0045,0.2549999999999999,6.773,7.113,6.943,0.34000000000000075,0.3137,0.3607,0.3372,0.04700000000000004,689.818679398602,1061.50323698195,875.660958190276,371.6845575833481,31.5290495289265,28.9746376012456,30.251843565086048,2.554411927680899,999.110778466456,938.607383578431,968.8590810224435,60.503394888025014,409.020536900019,344.759825512942,376.8901812064805,64.26071138707704,590.090241566437,593.84755806549,591.9688998159636,3.7573164990529904
TSs363,TSs56,-0.23426610548261936,1,2,522.529740487655,665.975302955991,594.252521721823,143.445562468336,144.944952744426,112.777425355133,128.8611890497795,32.167527389292985,78.598991363029,156.045644268136,117.3223178155825,77.44665290510699,274.354203181557,205.237639680723,239.79592143114002,69.11656350083402,8.546,9.495,9.020499999999998,0.9489999999999998,6.877,6.814,6.8454999999999995,0.06299999999999972,6.773,6.547,6.66,0.22599999999999998,0.3137,0.3431,0.3284,0.029400000000000037,689.818679398602,922.690182749731,806.2544310741664,232.87150335112904,31.5290495289265,,,,999.110778466456,,,,409.020536900019,,,,590.090241566437,,,
TSs363,TSs51,-0.2338936305398882,1,2,522.529740487655,521.717761200037,522.123750843846,0.8119792876179872,144.944952744426,238.563544975233,191.7542488598295,93.618592230807,78.598991363029,122.715363343722,100.6571773533755,44.116371980693,274.354203181557,278.615097990217,276.48465058588704,4.260894808659998,8.546,8.498,8.521999999999998,0.04800000000000004,6.877,6.63,6.7535,0.2469999999999999,6.773,6.279,6.526,0.4939999999999998,0.3137,0.2812,0.29745,0.03249999999999997,689.818679398602,709.080054966743,699.4493671826724,19.261375568141034,31.5290495289265,,,,999.110778466456,,,,409.020536900019,,,,590.090241566437,,,
