sample,Tannin,Phenol,Flavonoid,Antioxidant,Seed_Length,Seed_Width,Seed_Thickness,Mass_of_Seeds,Seed_Coat_Tannin,Crude_Protein,Total_Oxalate,Soluble_Oxalate,Insoluble_Oxalate,merit_index,merit_index_n_traits
TSs68,-125.7459,24.1288,-13.9621,7.8668,-0.0262,-0.0257,-0.024,0.0532,-236.4838,,,,,1.1970826085424289,6
TSs334,-141.5311,305.7374,4.0759,2.1633,0.0459,0.0034,-0.0083,0.0021,239.6068,,,,,0.675893107894798,6
TSs38,-94.1239,30.2176,30.9144,3.9783,0.018,-0.022,-0.0054,-0.0096,-138.0133,,,,,0.6126556979129347,6
TSs282,46.5282,39.8716,-8.3339,15.5889,-0.0108,-0.0261,-0.0251,0.0008,-88.1838,,,,,0.5425827745284412,6
TSs22A,-116.3122,52.667,23.569,8.2673,-0.0284,-0.0482,-0.0679,-0.0209,-53.2292,,,,,0.5424984608710436,6
TSs10,-188.4168,76.6978,13.702,-0.177,-0.0033,0.0165,0.027,0.0106,-134.1356,4.0644,0.6299,1.7775,-2.2866,0.542021174234698,10
TSs368,-112.0637,93.0888,26.0101,4.877,0.0169,-0.0071,-0.0116,-0.0016,132.6657,,,,,0.5079715107204648,6
TSs331,-106.9487,65.046,-18.1183,-2.6325,0.03,0.0209,-0.0066,0.0292,-246.7209,5.7562,7.6893,2.3847,9.6854,0.505091815801677,10
TSs325,-164.2004,-74.278,-17.1818,-4.6777,0.0348,0.0224,-0.0025,0.0092,-274.7727,6.3626,14.0272,-5.6957,43.4394,0.4534594751422686,10
TSs49A,-151.673,262.6396,8.8463,2.7298,-0.0037,-0.0108,0.0029,-0.0048,-89.986,-0.6022,-12.4005,6.2346,-41.8642,0.41553268618398087,10
TSs53,214.1756,-24.6079,51.254,5.4005,0.028,0.0069,-0.0065,0.0054,-127.2891,,,,,0.40545671975677394,6
TSs58,-136.2652,17.4857,2.9438,0.2144,0.0197,0.016,0.0159,0.0125,-32.8272,2.9767,15.1315,-1.043,35.9963,0.3719132415193725,10
TSs63A,-126.8176,87.9649,16.3096,1.6917,0.0184,0.0023,-0.0163,-0.0016,124.9488,,,,,0.36119925435041994,6
TSs9,-105.493,123.9745,-12.5206,7.0173,-0.0032,-0.0191,-0.019,-0.0061,-141.1089,-0.0135,12.9627,2.4539,25.5275,0.35266022376892986,10
TSs297,-105.2137,270.9206,46.8744,10.1756,0.0274,-0.0286,-0.0469,-0.0124,140.7923,2.4281,-0.0734,15.2849,-34.2218,0.34950620900831086,10
TSs119A,-77.2119,-42.3509,25.1628,1.613,-0.0166,0.0144,0.0101,0.0049,208.0976,3.7844,2.4532,-9.1879,27.3635,0.3410685316505123,10
TSs49,-113.7038,18.2307,26.9916,2.8021,0.0034,-0.0285,-0.0604,-0.0156,-19.9688,,,,,0.33988186601124837,6
TSs56A,-103.6536,3.5693,31.9427,-0.4069,0.0416,0.0187,0.0016,0.0025,48.7375,,,,,0.33538539514907456,6
TSs5A,-93.7713,30.762,-9.3511,3.914,-0.0141,0.0081,0.0145,0.0068,115.0195,2.6392,-10.3292,-5.8348,-10.687,0.2897186063228303,10
TSs59B,10.5347,-9.7086,3.7325,7.5725,-0.0191,-0.0224,-0.0245,-0.0008,-61.3021,,,,,0.2843524992063033,6
TSs33,-85.9266,124.7882,-28.0471,-1.9499,-0.0091,-0.005,-0.0027,0.0,-114.3655,,,,,0.2697707965680116,6
TSs7,-94.5713,-14.2514,-7.4217,1.7916,-0.0224,-0.0099,-0.0157,-0.0083,-205.5288,,,,,0.2683649824379352,6
TSs82,-101.0679,-58.3963,0.5434,1.3428,0.0395,0.0113,0.0025,0.0068,-99.089,,,,,0.2474857657553342,6
TSs60B,-135.9658,60.6988,15.5159,3.8872,-0.023,-0.0131,-0.0238,-0.0183,-60.0699,0.1125,4.0811,2.1044,4.4041,0.21871356887732193,10
TSs333,-165.2575,-43.7668,-11.3648,-0.0504,0.0198,0.0074,-0.0095,0.0008,-132.4214,,,,,0.2183958870185777,6
TSs4,-177.6689,66.342,-14.0552,-0.3167,-0.0223,-0.0085,-0.0002,-0.0093,-29.9726,,,,,0.2162046725649532,6
TSs291,12.9252,-76.9708,-51.7423,-12.1856,0.1028,0.0557,0.0439,0.0646,-374.9828,,,,,0.2083448476767719,6
TSs22B,62.7285,-31.8478,26.9125,7.2103,-0.0311,-0.0251,-0.0447,-0.0113,-47.4819,,,,,0.19897544130644604,6
TSs201,-78.6916,-20.4443,40.6623,0.0105,0.0413,-0.0033,-0.0229,-0.006,82.8978,,,,,0.1950391133631033,6
TSs96,-139.7627,31.9136,2.1314,-4.5173,0.0482,0.0141,-0.0055,0.0014,-12.4852,,,,,0.17183358778397995,6
TSs10A,27.5221,19.8101,2.557,8.0171,0.0088,-0.0109,-0.0228,-0.0081,9.7933,,,,,0.1661895745039022,6
TSs357,-51.4304,-30.9456,5.4548,-5.2784,-0.0516,0.0078,0.0233,0.0069,113.7926,1.4767,-15.0276,-8.9007,-9.883,0.1304764253815786,10
TSs224,-100.7322,-51.0451,9.2027,-3.4961,-0.0223,0.0116,0.0214,0.0076,-48.0366,,,,,0.1276905660073749,6
TSs157A,-114.2571,90.9077,-22.2569,1.4977,0.0489,-0.0129,0.0023,-0.0008,82.3353,,,,,0.12377038332607092,6
TSs15,75.5043,-57.1169,23.7082,1.7651,0.0396,0.0238,0.0199,0.0185,54.2685,,,,,0.12045411269286538,6
TSs120,-120.0805,-0.1515,-10.9675,-3.7036,0.0407,0.0214,0.0086,0.0154,10.5513,,,,,0.11797463436760441,6
TSs51,-12.064,20.4895,9.6519,1.4445,0.0177,-0.0061,-0.0168,-0.0103,-28.2891,,,,,0.10427465970204425,6
TSs361,53.9323,110.6872,-2.6088,-9.0141,-0.1176,-0.0166,0.0296,-0.0093,114.8964,0.9475,-28.8133,-12.8907,-29.5013,0.09897153558678178,10
TSs358,53.5209,117.5846,-3.6374,-8.9529,-0.1187,-0.0176,0.0289,-0.0102,119.6906,0.5981,-28.9616,-12.8716,-29.8737,0.08617379960605583,10
TSs274,183.6981,-65.7954,-0.5406,-5.7425,0.0274,0.0415,0.0309,0.0272,-116.3019,1.4575,9.4658,-4.2848,31.3317,0.06679471000767187,10
TSs417,-133.8919,103.2055,-24.3186,-4.8538,0.0577,0.0456,0.0153,0.0308,107.2839,-7.4984,11.0707,-3.2259,31.5473,0.0565439881966406,10
TSs133,-127.8975,10.0307,-1.9686,-5.6145,-0.0869,-0.0023,0.0465,-0.0043,-66.8847,,,,,0.05499382114795264,6
TSs30,279.3227,-29.6172,-10.3121,6.6976,0.0198,0.0048,0.0136,0.0056,-167.8075,2.8772,10.7611,0.9328,21.0378,0.029553466096925544,10
TSs365,-87.8699,-53.1528,21.085,-4.7325,-0.1098,-0.0212,0.0404,-0.0275,105.5856,2.4713,-30.5243,-9.5342,-43.2979,0.02369357316582945,10
TSs287,-129.9805,95.1409,-4.0563,-2.6141,0.0404,0.0052,-0.0068,0.0068,-114.0587,-8.0991,17.8214,4.0686,30.8896,0.014207859408189027,10
TSs3,160.1542,9.1203,22.8427,10.6652,0.0026,-0.022,-0.0424,-0.0122,2.9314,4.1954,6.7343,9.0839,-6.8915,-0.009538064264656792,10
TSs56,64.6111,-49.2551,17.0926,4.2733,0.0522,-0.0109,-0.011,0.0073,112.8907,,,,,-0.010439769473891311,6
TSs2,-17.1671,19.4446,5.6571,10.2208,-0.0441,-0.037,-0.0505,-0.0113,10.3648,2.3969,-3.1783,10.036,-30.0737,-0.011750825619773586,10
TSs209,-275.9999,-38.4293,-59.5837,-9.7029,0.019,0.0082,0.0008,-0.0053,-372.2396,,,,,-0.02027317988065443,6
TSs132,-0.1235,-1.8411,-15.1061,-6.9957,0.0074,0.0143,0.0116,0.0104,-146.3348,,,,,-0.031174622881685266,6
TSs60,-21.5967,114.137,11.123,10.678,0.0018,-0.0203,-0.0268,-0.0168,82.4737,1.3287,5.0024,13.177,-19.4956,-0.03322120556086812,10
TSs95,113.8815,-79.2772,17.1281,0.7435,0.0282,0.005,0.013,0.0039,-214.5818,-1.5344,27.768,4.4645,51.485,-0.03421461155109436,10
TSs27,205.5044,-22.9699,1.5845,-1.8669,0.025,0.0196,0.0176,0.0231,-79.0875,,,,,-0.03674195287805008,6
TSs1A,7.2284,52.4847,26.4447,5.2432,-0.0419,-0.0299,-0.0348,-0.0131,57.7855,-2.8385,-7.4358,4.5245,-27.1702,-0.04191391254900704,10
TSs293,106.7867,-52.7658,44.9822,1.9829,-0.0128,-0.0191,-0.0454,-0.0205,138.6512,3.9208,18.6489,1.5112,38.4072,-0.0650022246033298,10
TSs314A,-37.1082,-69.4204,39.2661,-1.202,0.0124,0.0054,-0.0372,-0.0121,29.5688,-2.7714,24.9046,1.8172,53.2086,-0.08261612305977808,10
TSs131,12.6409,-42.6869,-28.0968,5.1447,0.0214,0.0064,0.0138,0.0117,31.4437,,,,,-0.08357292845620785,6
TSs48,-120.6788,14.1276,9.787,-4.5044,-0.0257,-0.0058,0.001,-0.0177,35.3016,,,,,-0.09266136102565665,6
TSs336,,,,,0.0037,-0.0047,0.0024,0.0043,61.3377,,,,,-0.09826217767332279,2
TSs317,86.5904,-38.5608,46.4373,-1.019,0.0387,0.0043,-0.0141,-0.0015,152.4042,,,,,-0.09830245489844906,6
TSs314B,18.9557,-54.7657,5.1255,-3.4356,0.0133,0.001,-0.0339,-0.0032,-114.5065,,,,,-0.09889180209569974,6
TSs116,1.3121,-37.5471,-36.2913,8.3029,0.0035,-0.0171,-0.0222,-0.0165,62.0662,2.3681,-0.9483,-1.762,-0.3416,-0.11817622505954677,10
TSs266,100.6601,-37.0672,11.4327,2.7174,0.0441,0.0092,-0.0075,0.01,135.0994,,,,,-0.12040359916174836,6
TSs296,40.2458,-4.7267,0.3482,7.8726,-0.0481,-0.0333,-0.0377,-0.0181,86.482,,,,,-0.12411736488481011,6
TSs104,70.5424,-68.9724,-1.6595,-2.5238,0.019,0.0167,0.0049,0.0104,-72.3782,,,,,-0.13594311842903226,6
TSs158,63.6781,-72.183,-5.2256,-3.2026,0.0326,0.0231,0.0437,0.025,17.9078,,,,,-0.1430313037805326,6
TSs338,36.1411,-10.7669,-13.917,0.9272,-0.0254,-0.0035,-0.0219,-0.0119,-67.9946,-5.6346,2.2142,-4.3862,14.2148,-0.15137682870871288,10
TSs23,119.9382,-45.6583,23.3956,-4.4684,0.0026,0.0071,0.0155,0.0055,-10.2261,,,,,-0.15424266291557978,6
TSs371,131.5284,-49.8919,-2.2929,-0.4954,0.063,0.033,0.0534,0.0336,184.8051,-2.4035,-4.6055,-2.0651,-9.3344,-0.1560703642496863,10
TSs98,258.7807,-52.6795,25.7438,2.8298,0.0701,0.0272,0.0399,0.0281,144.8421,-1.8829,8.9832,2.7304,10.67,-0.1657841225977837,10
TSs269,11.0466,-44.3657,-8.9589,-5.7214,-0.0268,-0.0137,-0.0379,-0.0116,-131.1567,-3.316,6.7344,-2.4893,19.9406,-0.20163572715522973,10
TSs44C,-107.2254,50.1245,-13.6564,2.1753,-0.0378,-0.0157,0.0031,-0.0096,344.3641,0.4964,-7.698,1.1309,-19.5381,-0.20928718214012254,10
TSs363,24.5386,-34.8633,-37.7698,-3.2761,-0.0901,0.0009,0.0492,-0.0017,-18.4451,-0.4555,-24.8176,-3.4477,-43.2495,-0.23199880766042358,10
TSs166,70.4587,-47.5555,-6.1311,0.6907,0.0327,0.0014,0.0427,0.0023,9.575,6.1893,15.281,12.6028,2.2504,-0.2591544022674529,10
TSs78,82.6874,-62.5993,-20.0425,-5.7156,0.0795,0.0382,0.0367,0.0249,-193.2303,-6.0094,-0.4951,2.8174,-9.13,-0.2675355328819512,10
TSs61,92.5833,-51.5799,-31.2266,0.3501,0.0144,0.0194,0.0128,0.0045,61.8898,-1.7466,-3.5954,-3.3802,-1.9349,-0.26855662908964134,10
TSs168,-89.9787,-55.2613,-9.3428,-9.4826,-0.0082,0.0228,0.0064,0.0025,-20.7978,,,,,-0.2956750988197198,6
TSs138B,174.8364,-16.6471,-5.5317,-0.7993,-0.0874,-0.0165,0.0416,-0.0168,94.757,-3.4419,-23.1265,-7.6113,-31.6477,-0.30547642642418954,10
TSs136,10.8787,-59.4584,-21.1529,-2.296,0.0019,-0.0077,-0.0161,-0.0039,-69.8297,,,,,-0.32029987404632254,6
TSs195,217.9363,-71.8927,-6.2812,0.5961,-0.0374,0.0063,0.0181,0.0029,199.2112,-0.0496,-12.5699,-4.3103,-18.0583,-0.33564909605785537,10
TSs311,32.8418,-53.4327,5.9782,-3.4249,0.0527,0.0207,0.0183,-0.0024,74.6031,,,,,-0.3371669206344956,6
TSs294,63.6997,-73.5719,-12.2351,-5.0528,0.0026,0.0135,0.0082,0.0029,-142.0368,-8.4576,-0.437,-2.1259,2.5948,-0.3391793260657713,10
TSs383,34.7761,-45.3392,-6.83,-3.1456,0.0326,0.0089,0.0313,0.0069,94.1729,-7.0209,-4.2389,-0.978,-8.7661,-0.3699566764867256,10
TSs378,68.0086,-56.1994,-32.3105,-1.3769,-0.0002,0.0019,-0.0043,-0.0034,121.415,3.1312,2.7998,2.0422,-0.5894,-0.38059705897340645,10
TSs217,79.1276,-32.4476,-1.345,11.2028,0.0097,-0.0194,-0.0177,-0.0223,253.8948,,,,,-0.4045677608234799,6
TSs11,-234.5018,-69.4711,-55.7296,-4.6177,0.0089,0.0044,0.0031,-0.01,-28.5874,,,,,-0.4450784045409577,6
TSs277,123.6444,-17.8815,-5.268,-2.9676,-0.0324,0.0056,0.0086,-0.0051,52.1001,,,,,-0.4513257864430929,6
TSs3A,148.6308,-43.7207,-26.5125,0.8342,0.0067,-0.019,-0.0386,-0.019,32.0268,1.7968,-5.8887,4.8456,-26.1574,-0.5047165485451883,10
TSs161,226.3326,-89.6454,8.1905,-5.1781,0.0599,0.0273,0.0039,0.0103,44.4568,,,,,-0.5467508772603339,6
TSs155,178.9072,-39.4773,27.3404,-7.0495,-0.0971,-0.0321,0.021,-0.0253,8.3832,,,,,-0.6081030494765689,6
TSs111,158.4752,-15.2282,-26.691,-2.8916,-0.0673,-0.0131,0.0178,-0.0272,-29.2567,,,,,-0.7727315346459708,6
TSs156A,81.6505,26.0749,-32.4172,-10.7053,-0.1083,0.0082,0.0465,-0.0079,101.3928,,,,,-0.8165222938827555,6
TSs151B,,,,,-0.1187,-0.0177,0.0275,-0.0113,127.1611,,,,,-0.8266947446780718,2
TSs24,148.944,-113.9997,-27.3693,-12.2108,0.0494,0.0302,0.0029,0.0082,-41.7334,,,,,-0.8769337606912563,6
TSs303,175.0651,-31.5647,2.0865,-0.7427,0.0013,-0.021,-0.0197,-0.0332,237.4967,,,,,-0.9526072323350743,6
