cross_id,parent_A,parent_B,G_ij,trait,mu,sigma,U,direction
TSs24_x_TSs358,TSs24,TSs358,-0.3029267951595861,Tannin,656.92535856783,171.44767880901622,-356.03468225800657,-1
TSs24_x_TSs358,TSs24,TSs358,-0.3029267951595861,Phenol,286.4013627763937,107.91265667819263,475.7880752466217,1
TSs24_x_TSs358,TSs24,TSs358,-0.3029267951595861,Flavonoid,96.13499124534836,33.00711458378938,154.06247733989872,1
TSs24_x_TSs358,TSs24,TSs358,-0.3029267951595861,Antioxidant,165.691777908316,77.82847263917361,302.2807473900657,1
TSs24_x_TSs358,TSs24,TSs358,-0.3029267951595861,Seed_Length,8.628499999999999,0.38185542404732564,,0
TSs24_x_TSs358,TSs24,TSs358,-0.3029267951595861,Seed_Width,6.8245000000000005,0.2718335515993918,,0
TSs24_x_TSs358,TSs24,TSs358,-0.3029267951595861,Seed_Thickness,6.661,0.30395344459857776,,0
TSs24_x_TSs358,TSs24,TSs358,-0.3029267951595861,Mass_of_Seeds,0.311,0.0341923924136667,0.37100764868598507,1
TSs24_x_TSs358,TSs24,TSs358,-0.3029267951595861,Seed_Coat_Tannin,738.3539568543911,128.75918638673897,-512.3815847456642,-1
TSs151B_x_TSs24,TSs151B,TSs24,-0.3027557115967696,Seed_Length,8.2075,0.38183035305663104,,0
TSs151B_x_TSs24,TSs151B,TSs24,-0.3027557115967696,Seed_Width,6.364,0.27181570417334144,,0
TSs151B_x_TSs24,TSs151B,TSs24,-0.3027557115967696,Seed_Thickness,6.1115,0.30393348831800343,,0
TSs151B_x_TSs24,TSs151B,TSs24,-0.3027557115967696,Mass_of_Seeds,0.2548,0.03419014748771294,0.3148037088409362,1
TSs151B_x_TSs24,TSs151B,TSs24,-0.3027557115967696,Seed_Coat_Tannin,934.7984564387972,128.75073261036064,-708.8409207076143,-1
TSs361_x_TSs24,TSs361,TSs24,-0.3017593158770609,Tannin,703.161062982479,171.37084929247095,-402.40522247419256,-1
TSs361_x_TSs24,TSs361,TSs24,-0.3017593158770609,Phenol,177.24902859092168,107.8642986175919,366.55087266479546,1
TSs361_x_TSs24,TSs361,TSs24,-0.3017593158770609,Flavonoid,117.19048312359035,32.99232336192132,175.09201062376226,1
TSs361_x_TSs24,TSs361,TSs24,-0.3017593158770609,Antioxidant,161.008312141943,77.79359597028042,297.5360730697852,1
TSs361_x_TSs24,TSs361,TSs24,-0.3017593158770609,Seed_Length,8.609,0.3816843061422974,,0
TSs361_x_TSs24,TSs361,TSs24,-0.3017593158770609,Seed_Width,6.807,0.2717117369414434,,0
TSs361_x_TSs24,TSs361,TSs24,-0.3017593158770609,Seed_Thickness,6.539,0.3038172363024783,,0
TSs361_x_TSs24,TSs361,TSs24,-0.3017593158770609,Mass_of_Seeds,0.3018,0.03417707004245166,0.36178075792450265,1
TSs361_x_TSs24,TSs361,TSs24,-0.3017593158770609,Seed_Coat_Tannin,851.400169991002,128.70148653271016,-625.5290611260957,-1
TSs361_x_TSs303,TSs361,TSs303,-0.301731141234448,Tannin,770.2829628108466,171.36899474896973,-469.5303770264047,-1
TSs361_x_TSs303,TSs361,TSs303,-0.301731141234448,Phenol,217.423192753798,107.8631313301866,406.72298823827543,1
TSs361_x_TSs303,TSs361,TSs303,-0.301731141234448,Flavonoid,134.39537232452602,32.99196632512579,192.29627322512178,1
TSs361_x_TSs303,TSs361,TSs303,-0.301731141234448,Antioxidant,233.53476352812496,77.79275410243396,370.0610469778966,1
TSs361_x_TSs303,TSs361,TSs303,-0.301731141234448,Seed_Length,8.16,0.3816801756256291,,0
TSs361_x_TSs303,TSs361,TSs303,-0.301731141234448,Seed_Width,6.4295,0.2717087965274931,,0
TSs361_x_TSs303,TSs361,TSs303,-0.301731141234448,Seed_Thickness,6.3875,0.30381394844877707,,0
TSs361_x_TSs303,TSs361,TSs303,-0.301731141234448,Mass_of_Seeds,0.26725,0.03417670018454759,0.327230108823881,1
TSs361_x_TSs303,TSs361,TSs303,-0.301731141234448,Seed_Coat_Tannin,1034.66589770733,128.7000937491275,-808.7972331776114,-1
TSs303_x_TSs358,TSs303,TSs358,-0.2976693871170167,Tannin,724.0472583961975,171.10142700025904,-423.76425401074295,-1
TSs303_x_TSs358,TSs303,TSs358,-0.2976693871170167,Phenol,326.57552693927,107.69471874621141,515.579758338871,1
TSs303_x_TSs358,TSs303,TSs358,-0.2976693871170167,Flavonoid,113.339880446284,32.940454170502456,171.1503775155158,1
TSs303_x_TSs358,TSs303,TSs358,-0.2976693871170167,Antioxidant,238.218229294498,77.67129203683868,374.5313468191499,1
TSs303_x_TSs358,TSs303,TSs358,-0.2976693871170167,Seed_Length,8.1795,0.38108423757120297,,0
TSs303_x_TSs358,TSs303,TSs358,-0.2976693871170167,Seed_Width,6.447,0.2712845627791522,,0
TSs303_x_TSs358,TSs303,TSs358,-0.2976693871170167,Seed_Thickness,6.5095,0.30333958717746057,,0
TSs303_x_TSs358,TSs303,TSs358,-0.2976693871170167,Mass_of_Seeds,0.27645,0.03412333824039815,0.3363364586118987,1
TSs303_x_TSs358,TSs303,TSs358,-0.2976693871170167,Seed_Coat_Tannin,921.619684570719,128.49914728040508,-696.1036810936081,-1
TSs151B_x_TSs303,TSs151B,TSs303,-0.2964858016068634,Seed_Length,7.7585,0.38091040720992914,,0
TSs151B_x_TSs303,TSs151B,TSs303,-0.2964858016068634,Seed_Width,5.9865,0.2711608171898398,,0
TSs151B_x_TSs303,TSs151B,TSs303,-0.2964858016068634,Seed_Thickness,5.96,0.3032012197908592,,0
TSs151B_x_TSs303,TSs151B,TSs303,-0.2964858016068634,Mass_of_Seeds,0.22025,0.03410777298833734,0.28010914159453204,1
TSs151B_x_TSs303,TSs151B,TSs303,-0.2964858016068634,Seed_Coat_Tannin,1118.064184155125,128.44053280362303,-892.6510490847667,-1
TSs155_x_TSs317,TSs155,TSs317,-0.2793986116190173,Tannin,771.6035913481894,169.8926299959693,-473.44202570526335,-1
TSs155_x_TSs317,TSs155,TSs317,-0.2793986116190173,Phenol,145.75157268062952,106.9338773220306,333.4205273807932,1
TSs155_x_TSs317,TSs155,TSs317,-0.2793986116190173,Flavonoid,193.87699874080695,32.70773651864333,251.279076331026,1
TSs155_x_TSs317,TSs155,TSs317,-0.2793986116190173,Antioxidant,281.076463773063,77.12256005499904,416.42655666958626,1
TSs155_x_TSs317,TSs155,TSs317,-0.2793986116190173,Seed_Length,8.192,0.37839195444513996,,0
TSs155_x_TSs317,TSs155,TSs317,-0.2793986116190173,Seed_Width,6.257,0.26936799216634844,,0
TSs155_x_TSs317,TSs155,TSs317,-0.2793986116190173,Seed_Thickness,6.044499999999999,0.30119655429520387,,0
TSs155_x_TSs317,TSs155,TSs317,-0.2793986116190173,Mass_of_Seeds,0.2489,0.03388226375163134,0.30836337288411303,1
TSs155_x_TSs317,TSs155,TSs317,-0.2793986116190173,Seed_Coat_Tannin,963.5493722429476,127.59132677294606,-739.6265937564273,-1
TSs157A_x_TSs155,TSs157A,TSs155,-0.2793691293273879,Tannin,596.9924974872599,169.890672493095,-298.83436726187824,-1
TSs157A_x_TSs155,TSs157A,TSs155,-0.2793691293273879,Phenol,254.07081951270703,106.93264522990147,441.7376118911841,1
TSs157A_x_TSs155,TSs157A,TSs155,-0.2793691293273879,Flavonoid,133.32009273878384,32.7073596601048,190.72150894226775,1
TSs157A_x_TSs155,TSs157A,TSs155,-0.2793691293273879,Antioxidant,265.2161289621445,77.12167144886595,400.56466235490427,1
TSs157A_x_TSs155,TSs157A,TSs155,-0.2793691293273879,Seed_Length,8.082,0.3783875946130598,,0
TSs157A_x_TSs155,TSs157A,TSs155,-0.2793691293273879,Seed_Width,6.0465,0.26936488850835616,,0
TSs157A_x_TSs155,TSs157A,TSs155,-0.2793691293273879,Seed_Thickness,6.090999999999999,0.3011930839085204,,0
TSs157A_x_TSs155,TSs157A,TSs155,-0.2793691293273879,Mass_of_Seeds,0.23695,0.0338818733601901,0.2964126877471336,1
TSs157A_x_TSs155,TSs157A,TSs155,-0.2793691293273879,Seed_Coat_Tannin,863.9723442050006,127.58985666568539,-640.0521457567228,-1
TSs151B_x_TSs56,TSs151B,TSs56,-0.2752544584403438,Seed_Length,8.6355,0.3777786248294585,,0
TSs151B_x_TSs56,TSs151B,TSs56,-0.2752544584403438,Seed_Width,6.356,0.26893137779024595,,0
TSs151B_x_TSs56,TSs151B,TSs56,-0.2752544584403438,Seed_Thickness,6.122999999999999,0.3007083494993029,,0
TSs151B_x_TSs56,TSs151B,TSs56,-0.2752544584403438,Mass_of_Seeds,0.27475,0.033827344518912256,0.33411698963069103,1
TSs151B_x_TSs56,TSs151B,TSs56,-0.2752544584403438,Seed_Coat_Tannin,1029.7288280810656,127.38451598192731,-806.1690025327831,-1
TSs98_x_TSs358,TSs98,TSs358,-0.2737032452159416,Tannin,794.290173036354,169.514061497537,-496.79299510817657,-1
TSs98_x_TSs358,TSs98,TSs358,-0.2737032452159416,Phenol,311.3853182990415,106.69559860817289,498.63609385638495,1
TSs98_x_TSs358,TSs98,TSs358,-0.2737032452159416,Flavonoid,138.795555554591,32.63485449485409,196.06972519305992,1
TSs98_x_TSs358,TSs98,TSs358,-0.2737032452159416,Antioxidant,305.2649720589655,76.95070932930265,440.31346693189164,1
TSs98_x_TSs358,TSs98,TSs358,-0.2737032452159416,Seed_Length,8.915,0.37754879088933085,,0
TSs98_x_TSs358,TSs98,TSs358,-0.2737032452159416,Seed_Width,6.9755,0.26876776462073587,,0
TSs98_x_TSs358,TSs98,TSs358,-0.2737032452159416,Seed_Thickness,6.955500000000001,0.30052540377328174,,0
TSs98_x_TSs358,TSs98,TSs358,-0.2737032452159416,Mass_of_Seeds,0.33975,0.033806764551270234,0.39908087178747925,1
TSs98_x_TSs358,TSs98,TSs358,-0.2737032452159416,Seed_Coat_Tannin,902.690855612769,127.3070174595252,-679.2670399713023,-1
TSs98_x_TSs358,TSs98,TSs358,-0.2737032452159416,Crude_Protein,29.86436758151155,4.73855986754287,38.180540149049286,1
TSs98_x_TSs358,TSs98,TSs358,-0.2737032452159416,Total_Oxalate,986.0248863158406,120.24199479981276,-775.0001854421693,-1
TSs98_x_TSs358,TSs98,TSs358,-0.2737032452159416,Soluble_Oxalate,322.3193504417475,53.187099083813834,-228.9759915496542,-1
TSs98_x_TSs358,TSs98,TSs358,-0.2737032452159416,Insoluble_Oxalate,663.7055358740955,130.02968912799378,891.9076402937246,1
TSs361_x_TSs56,TSs361,TSs56,-0.2715975721429599,Tannin,681.6974761624911,169.37388408923098,-384.4463095858907,-1
TSs361_x_TSs56,TSs361,TSs56,-0.2715975721429599,Phenol,193.8765868026755,106.60736809585771,380.97251781090574,1
TSs361_x_TSs56,TSs361,TSs56,-0.2715975721429599,Flavonoid,152.2752436826015,32.60786753410807,209.50205120496116,1
TSs361_x_TSs56,TSs361,TSs56,-0.2715975721429599,Antioxidant,214.79779604589,76.88707595926952,349.734614354408,1
TSs361_x_TSs56,TSs361,TSs56,-0.2715975721429599,Seed_Length,9.037,0.3772365819165271,,0
TSs361_x_TSs56,TSs361,TSs56,-0.2715975721429599,Seed_Width,6.799,0.2685455106770341,,0
TSs361_x_TSs56,TSs361,TSs56,-0.2715975721429599,Seed_Thickness,6.5505,0.3002768882704444,,0
TSs361_x_TSs56,TSs361,TSs56,-0.2715975721429599,Mass_of_Seeds,0.32175,0.03377880849502248,0.3810318089087644,1
TSs361_x_TSs56,TSs361,TSs56,-0.2715975721429599,Seed_Coat_Tannin,946.3305416332704,127.20174260734484,-723.0914833573802,-1
TSs361_x_TSs98,TSs361,TSs98,-0.2691878220450686,Tannin,840.525877451003,169.21332138745979,-543.5564984160111,-1
TSs361_x_TSs98,TSs361,TSs98,-0.2691878220450686,Phenol,202.2329841135695,106.50630666515234,389.1515523109118,1
TSs361_x_TSs98,TSs361,TSs98,-0.2691878220450686,Flavonoid,159.851047432833,32.5769559957772,217.023605205422,1
TSs361_x_TSs98,TSs361,TSs98,-0.2691878220450686,Antioxidant,300.5815062925925,76.81418870918554,435.3904074772131,1
TSs361_x_TSs98,TSs361,TSs98,-0.2691878220450686,Seed_Length,8.8955,0.3768789699675236,,0
TSs361_x_TSs98,TSs361,TSs98,-0.2691878220450686,Seed_Width,6.958,0.26829093546330096,,0
TSs361_x_TSs98,TSs361,TSs98,-0.2691878220450686,Seed_Thickness,6.833500000000001,0.2999922324114883,,0
TSs361_x_TSs98,TSs361,TSs98,-0.2691878220450686,Mass_of_Seeds,0.33055,0.03374678693051898,0.3897756110630608,1
TSs361_x_TSs98,TSs361,TSs98,-0.2691878220450686,Seed_Coat_Tannin,1015.73706874938,127.08115816439567,-792.7096361708656,-1
TSs361_x_TSs98,TSs361,TSs98,-0.2691878220450686,Crude_Protein,32.8284402959499,4.7301530427427165,41.12985888596337,1
TSs361_x_TSs98,TSs361,TSs98,-0.2691878220450686,Total_Oxalate,895.898206368375,120.02866977867566,-685.2478909067992,-1
TSs361_x_TSs98,TSs361,TSs98,-0.2691878220450686,Soluble_Oxalate,326.17602253690995,53.092738215506834,-232.99826696869548,-1
TSs361_x_TSs98,TSs361,TSs98,-0.2691878220450686,Insoluble_Oxalate,569.722183831465,129.79899945731873,797.5194278790593,1
TSs361_x_TSs317,TSs361,TSs317,-0.2687924843797225,Tannin,688.3072558110371,169.18696531610442,-391.3841316812738,-1
TSs361_x_TSs317,TSs361,TSs317,-0.2687924843797225,Phenol,211.9014316136935,106.48971761769882,398.7908860327549,1
TSs361_x_TSs317,TSs361,TSs317,-0.2687924843797225,Flavonoid,178.33439288772848,32.57188192377314,235.49804566395034,1
TSs361_x_TSs317,TSs361,TSs317,-0.2687924843797225,Antioxidant,269.3795691278825,76.80222440151682,404.16747295254453,1
TSs361_x_TSs317,TSs361,TSs317,-0.2687924843797225,Seed_Length,8.675,0.37682026862567086,,0
TSs361_x_TSs317,TSs361,TSs317,-0.2687924843797225,Seed_Width,6.763999999999999,0.26824914741150285,,0
TSs361_x_TSs317,TSs361,TSs317,-0.2687924843797225,Seed_Thickness,6.4085,0.29994550667725733,,0
TSs361_x_TSs317,TSs361,TSs317,-0.2687924843797225,Mass_of_Seeds,0.2979,0.03374153064976601,0.35711638629033937,1
TSs361_x_TSs317,TSs361,TSs317,-0.2687924843797225,Seed_Coat_Tannin,1017.2100922281048,127.0613644504904,-794.2173976174942,-1
TSs151B_x_TSs98,TSs151B,TSs98,-0.2673993142274134,Seed_Length,8.494,0.3766133321305525,,0
TSs151B_x_TSs98,TSs151B,TSs98,-0.2673993142274134,Seed_Width,6.515,0.2681018343739471,,0
TSs151B_x_TSs98,TSs151B,TSs98,-0.2673993142274134,Seed_Thickness,6.406000000000001,0.2997807871092132,,0
TSs151B_x_TSs98,TSs151B,TSs98,-0.2673993142274134,Mass_of_Seeds,0.28355,0.033723000982776336,0.34273386672477246,1
TSs151B_x_TSs98,TSs151B,TSs98,-0.2673993142274134,Seed_Coat_Tannin,1099.1353551971752,126.99158679887881,-876.2651203651428,-1
TSs317_x_TSs358,TSs317,TSs358,-0.2657187874499147,Tannin,642.071551396388,168.98191019795252,-345.5082989989814,-1
TSs317_x_TSs358,TSs317,TSs358,-0.2657187874499147,Phenol,321.0537657991655,106.36065175504643,507.716709629272,1
TSs317_x_TSs358,TSs317,TSs358,-0.2657187874499147,Flavonoid,157.2789010094865,32.53240470350484,214.3732712641375,1
TSs317_x_TSs358,TSs317,TSs358,-0.2657187874499147,Antioxidant,274.0630348942555,76.70913987121891,408.68757536824467,1
TSs317_x_TSs358,TSs317,TSs358,-0.2657187874499147,Seed_Length,8.694500000000001,0.37636356131041937,,0
TSs317_x_TSs358,TSs317,TSs358,-0.2657187874499147,Seed_Width,6.781499999999999,0.26792402862641296,,0
TSs317_x_TSs358,TSs317,TSs358,-0.2657187874499147,Seed_Thickness,6.5305,0.2995819718080319,,0
TSs317_x_TSs358,TSs317,TSs358,-0.2657187874499147,Mass_of_Seeds,0.3071,0.033700635811673214,0.3662446158494865,1
TSs317_x_TSs358,TSs317,TSs358,-0.2657187874499147,Seed_Coat_Tannin,904.163879091494,126.90736568911267,-681.4414523071013,-1
TSs56_x_TSs358,TSs56,TSs358,-0.2656437936236969,Tannin,635.461771747842,168.976904035505,-338.9073051655308,-1
TSs56_x_TSs358,TSs56,TSs358,-0.2656437936236969,Phenol,303.0289209881475,106.35750077456522,489.68633484750944,1
TSs56_x_TSs358,TSs56,TSs358,-0.2656437936236969,Flavonoid,131.2197518043595,32.53144091689263,188.31243061350605,1
TSs56_x_TSs358,TSs56,TSs358,-0.2656437936236969,Antioxidant,219.481261812263,76.70686732964947,354.1018139757978,1
TSs56_x_TSs358,TSs56,TSs358,-0.2656437936236969,Seed_Length,9.0565,0.3763524113765297,,0
TSs56_x_TSs358,TSs56,TSs358,-0.2656437936236969,Seed_Width,6.8165,0.26791609126075455,,0
TSs56_x_TSs358,TSs56,TSs358,-0.2656437936236969,Seed_Thickness,6.672499999999999,0.29957309656206343,,0
TSs56_x_TSs358,TSs56,TSs358,-0.2656437936236969,Mass_of_Seeds,0.3309499999999999,0.03369963741570727,0.3900928636645662,1
TSs56_x_TSs358,TSs56,TSs358,-0.2656437936236969,Seed_Coat_Tannin,833.2843284966596,126.90360600331147,-610.5684999608479,-1
TSs151B_x_TSs317,TSs151B,TSs317,-0.262081859187379,Seed_Length,8.2735,0.37582244902392425,,0
TSs151B_x_TSs317,TSs151B,TSs317,-0.262081859187379,Seed_Width,6.321,0.2675388240034356,,0
TSs151B_x_TSs317,TSs151B,TSs317,-0.262081859187379,Seed_Thickness,5.981,0.2991512513493527,,0
TSs151B_x_TSs317,TSs151B,TSs317,-0.262081859187379,Mass_of_Seeds,0.2509,0.0336521831186524,0.309959581373235,1
TSs151B_x_TSs317,TSs151B,TSs317,-0.262081859187379,Seed_Coat_Tannin,1100.6083786759,126.72490611576288,-878.2061684427362,-1
TSs361_x_TSs49,TSs361,TSs49,-0.258089037816867,Tannin,549.8494937029135,168.47182908156702,-254.1814336647634,-1
TSs361_x_TSs49,TSs361,TSs49,-0.258089037816867,Phenol,255.6432195244855,106.03959632418315,441.7427110734269,1
TSs361_x_TSs49,TSs361,TSs49,-0.258089037816867,Flavonoid,152.771764938076,32.434203864785296,209.69379272077418,1
TSs361_x_TSs49,TSs361,TSs49,-0.258089037816867,Antioxidant,261.6337199397795,76.47758914690381,395.85188889259564,1
TSs361_x_TSs49,TSs361,TSs49,-0.258089037816867,Seed_Length,8.667000000000002,0.37522748736442624,,0
TSs361_x_TSs49,TSs361,TSs49,-0.258089037816867,Seed_Width,6.619,0.2671152853268008,,0
TSs361_x_TSs49,TSs361,TSs49,-0.258089037816867,Seed_Thickness,6.235,0.2986776672795187,,0
TSs361_x_TSs49,TSs361,TSs49,-0.258089037816867,Mass_of_Seeds,0.2814,0.033598908603609444,0.34036608459933454,1
TSs361_x_TSs49,TSs361,TSs49,-0.258089037816867,Seed_Coat_Tannin,846.5949368036895,126.52428888111342,-624.5448098173355,-1
TSs49_x_TSs358,TSs49,TSs358,-0.2562557679830043,Tannin,503.61378928826446,168.34903693036367,-208.16122947547626,-1
TSs49_x_TSs358,TSs49,TSs358,-0.2562557679830043,Phenol,364.7955537099575,105.96230844634408,550.7594050332914,1
TSs49_x_TSs358,TSs49,TSs358,-0.2562557679830043,Flavonoid,131.716273059834,32.410563914493096,188.5968127297694,1
TSs49_x_TSs358,TSs49,TSs358,-0.2562557679830043,Antioxidant,266.3171857061525,76.42184779393466,400.43752858450785,1
TSs49_x_TSs358,TSs49,TSs358,-0.2562557679830043,Seed_Length,8.6865,0.37495399956165654,,0
TSs49_x_TSs358,TSs49,TSs358,-0.2562557679830043,Seed_Width,6.6365,0.26692059603848844,,0
TSs49_x_TSs358,TSs49,TSs358,-0.2562557679830043,Seed_Thickness,6.357,0.2984599734758627,,0
TSs49_x_TSs358,TSs49,TSs358,-0.2562557679830043,Mass_of_Seeds,0.2905999999999999,0.033574419748184696,0.3495231066580641,1
TSs49_x_TSs358,TSs49,TSs358,-0.2562557679830043,Seed_Coat_Tannin,733.5487236670785,126.43207055775407,-511.66043983822016,-1
TSs156A_x_TSs217,TSs156A,TSs217,-0.2560563676916612,Tannin,661.8384819454325,168.3356757263662,-366.40937104565984,-1
TSs156A_x_TSs217,TSs156A,TSs217,-0.2560563676916612,Phenol,215.708094866502,105.95389863275078,401.65718696697957,1
TSs156A_x_TSs217,TSs156A,TSs217,-0.2560563676916612,Flavonoid,108.3640953001393,32.40799161491817,165.24012058432066,1
TSs156A_x_TSs217,TSs156A,TSs217,-0.2560563676916612,Antioxidant,325.50253880913704,76.41578249105643,459.6122370809411,1
TSs156A_x_TSs217,TSs156A,TSs217,-0.2560563676916612,Seed_Length,7.745,0.3749242409306055,,0
TSs156A_x_TSs217,TSs156A,TSs217,-0.2560563676916612,Seed_Width,6.5575,0.2668994115957388,,0
TSs156A_x_TSs217,TSs156A,TSs217,-0.2560563676916612,Seed_Thickness,6.307,0.29843628587619836,,0
TSs156A_x_TSs217,TSs156A,TSs217,-0.2560563676916612,Mass_of_Seeds,0.249,0.03357175507792859,0.3079184301617647,1
TSs156A_x_TSs217,TSs156A,TSs217,-0.2560563676916612,Seed_Coat_Tannin,1055.6167426509046,126.42203613927833,-833.7460692264711,-1
TSs209_x_TSs282,TSs209,TSs282,-0.2552500529847202,Tannin,404.37339682190753,168.2816362244565,-109.03912524798642,-1
TSs209_x_TSs282,TSs209,TSs282,-0.2552500529847202,Phenol,136.81851311737148,105.91988507096242,322.7079114169105,1
TSs209_x_TSs282,TSs209,TSs282,-0.2552500529847202,Flavonoid,62.11802259209109,32.39758792765932,118.9757894051332,1
TSs209_x_TSs282,TSs209,TSs282,-0.2552500529847202,Antioxidant,245.844045639547,76.39125132256801,379.91069171065385,1
TSs209_x_TSs282,TSs209,TSs282,-0.2552500529847202,Seed_Length,8.216999999999999,0.37480388189710684,,0
TSs209_x_TSs282,TSs209,TSs282,-0.2552500529847202,Seed_Width,6.488,0.2668137309389179,,0
TSs209_x_TSs282,TSs209,TSs282,-0.2552500529847202,Seed_Thickness,6.21435,0.2983404811801888,,0
TSs209_x_TSs282,TSs209,TSs282,-0.2552500529847202,Mass_of_Seeds,0.2515,0.033560977796673046,0.3103995160331612,1
TSs209_x_TSs282,TSs209,TSs282,-0.2552500529847202,Seed_Coat_Tannin,479.4180326521355,126.38145184938317,-257.61858465646804,-1
TSs155_x_TSs303,TSs155,TSs303,-0.252465634607287,Tannin,853.5792983479989,168.09488992094848,-558.5727665367344,-1
TSs155_x_TSs303,TSs155,TSs303,-0.252465634607287,Phenol,151.27333382073402,105.80234314868984,336.9564460466847,1
TSs155_x_TSs303,TSs155,TSs303,-0.252465634607287,Flavonoid,149.93797817760452,32.361635521182855,206.73264851728044,1
TSs155_x_TSs303,TSs155,TSs303,-0.252465634607287,Antioxidant,245.2316581733055,76.3064780571963,379.149527163685,1
TSs155_x_TSs303,TSs155,TSs303,-0.252465634607287,Seed_Length,7.677,0.37438795273778147,,0
TSs155_x_TSs303,TSs155,TSs303,-0.252465634607287,Seed_Width,5.922499999999999,0.26651764112724313,,0
TSs155_x_TSs303,TSs155,TSs303,-0.252465634607287,Seed_Thickness,6.0235,0.2980094053522066,,0
TSs155_x_TSs303,TSs155,TSs303,-0.252465634607287,Mass_of_Seeds,0.21825,0.03352373434761789,0.2770841537800694,1
TSs155_x_TSs303,TSs155,TSs303,-0.252465634607287,Seed_Coat_Tannin,981.0051777221724,126.24120321920364,-759.45186607247,-1
TSs156A_x_TSs98,TSs156A,TSs98,-0.2516650444637434,Tannin,828.3296958858734,168.0411572592731,-533.4174648958492,-1
TSs156A_x_TSs98,TSs156A,TSs98,-0.2516650444637434,Phenol,178.3416302295295,105.76852271838682,363.96538760029836,1
TSs156A_x_TSs98,TSs156A,TSs98,-0.2516650444637434,Flavonoid,129.14532571475328,32.35129090681927,185.92184125622111,1
TSs156A_x_TSs98,TSs156A,TSs98,-0.2516650444637434,Antioxidant,253.0986012861225,76.28208617847224,386.97366252934125,1
TSs156A_x_TSs98,TSs156A,TSs98,-0.2516650444637434,Seed_Length,8.439,0.37426827711165594,,0
TSs156A_x_TSs98,TSs156A,TSs98,-0.2516650444637434,Seed_Width,7.1235,0.2664324469714425,,0
TSs156A_x_TSs98,TSs156A,TSs98,-0.2516650444637434,Seed_Thickness,7.034000000000001,0.2979141446422505,,0
TSs156A_x_TSs98,TSs156A,TSs98,-0.2516650444637434,Mass_of_Seeds,0.3248,0.03351301826055158,0.383615347047268,1
TSs156A_x_TSs98,TSs156A,TSs98,-0.2516650444637434,Seed_Coat_Tannin,1009.0768196981046,126.20084936986737,-787.5943290539874,-1
TSs96_x_TSs358,TSs96,TSs358,-0.2496599308472973,Tannin,493.782695093354,167.906505954707,-199.1067771428432,-1
TSs96_x_TSs358,TSs96,TSs358,-0.2496599308472973,Phenol,380.6151756523545,105.68377044817906,566.0901927889088,1
TSs96_x_TSs358,TSs96,TSs358,-0.2496599308472973,Flavonoid,118.361032203217,32.32536783180569,175.092052748036,1
TSs96_x_TSs358,TSs96,TSs358,-0.2496599308472973,Antioxidant,206.88021797231,76.22096137674818,340.648005188503,1
TSs96_x_TSs358,TSs96,TSs358,-0.2496599308472973,Seed_Length,8.817,0.37396837610768324,,0
TSs96_x_TSs358,TSs96,TSs358,-0.2496599308472973,Seed_Width,6.7645,0.26621895477019514,,0
TSs96_x_TSs358,TSs96,TSs358,-0.2496599308472973,Seed_Thickness,6.559,0.2976754261706627,,0
TSs96_x_TSs358,TSs96,TSs358,-0.2496599308472973,Mass_of_Seeds,0.30325,0.033486164293926195,0.36201821833584047,1
TSs96_x_TSs358,TSs96,TSs358,-0.2496599308472973,Seed_Coat_Tannin,774.831851792452,126.09972468540221,-553.5268349695712,-1
TSs151B_x_TSs217,TSs151B,TSs217,-0.2477452637025192,Seed_Length,7.8,0.3736817783621462,,0
TSs151B_x_TSs217,TSs151B,TSs217,-0.2477452637025192,Seed_Width,5.949,0.2660149328337671,,0
TSs151B_x_TSs217,TSs151B,TSs217,-0.2477452637025192,Seed_Thickness,5.679,0.2974472969717978,,0
TSs151B_x_TSs217,TSs151B,TSs217,-0.2477452637025192,Mass_of_Seeds,0.20775,0.03346050153791135,0.26647318019903443,1
TSs151B_x_TSs217,TSs151B,TSs217,-0.2477452637025192,Seed_Coat_Tannin,1145.675278149975,126.00308577388832,-924.539862616801,-1
TSs151B_x_TSs371,TSs151B,TSs371,-0.2470161792176894,Seed_Length,8.366,0.3735725872454235,,0
TSs151B_x_TSs371,TSs151B,TSs371,-0.2470161792176894,Seed_Width,6.481999999999999,0.26593720234418217,,0
TSs151B_x_TSs371,TSs151B,TSs371,-0.2470161792176894,Seed_Thickness,6.4745,0.2973603818359705,,0
TSs151B_x_TSs371,TSs151B,TSs371,-0.2470161792176894,Mass_of_Seeds,0.2874,0.03345072426285919,0.3461060210813178,1
TSs151B_x_TSs371,TSs151B,TSs371,-0.2470161792176894,Seed_Coat_Tannin,1102.38949864762,125.9662672335076,-881.3186996528142,-1
TSs133_x_TSs24,TSs133,TSs24,-0.246993832784781,Tannin,529.5418332024144,167.7272995091435,-235.18042256386758,-1
TSs133_x_TSs24,TSs133,TSs24,-0.246993832784781,Phenol,145.5953717993927,105.57097426587464,330.8724316360027,1
TSs133_x_TSs24,TSs133,TSs24,-0.246993832784781,Flavonoid,105.17913806359834,32.29086699910876,161.8496096470342,1
TSs133_x_TSs24,TSs133,TSs24,-0.246993832784781,Antioxidant,157.9061296552025,76.13961082104402,291.53114664613474,1
TSs133_x_TSs24,TSs133,TSs24,-0.246993832784781,Seed_Length,8.591,0.37356924003457903,,0
TSs133_x_TSs24,TSs133,TSs24,-0.246993832784781,Seed_Width,6.912,0.26593481954651976,,0
TSs133_x_TSs24,TSs133,TSs24,-0.246993832784781,Seed_Thickness,6.6775,0.2973577174865809,,0
TSs133_x_TSs24,TSs133,TSs24,-0.246993832784781,Mass_of_Seeds,0.3112,0.03345042454432835,0.36990549507529624,1
TSs133_x_TSs24,TSs133,TSs24,-0.246993832784781,Seed_Coat_Tannin,719.1594191226641,125.96513857559715,-498.0906009224911,-1
TSs217_x_TSs358,TSs217,TSs358,-0.2469737573307798,Tannin,627.798959095913,167.72594937606755,-333.4399179409145,-1
TSs217_x_TSs358,TSs217,TSs358,-0.2469737573307798,Phenol,348.751782936014,105.57012446465184,534.0273513714781,1
TSs217_x_TSs358,TSs217,TSs358,-0.2469737573307798,Flavonoid,118.014325139977,32.29060707143023,174.68434055033705,1
TSs217_x_TSs358,TSs217,TSs358,-0.2469737573307798,Antioxidant,377.66890958198,76.13899792971827,511.2928509486356,1
TSs217_x_TSs358,TSs217,TSs358,-0.2469737573307798,Seed_Length,8.221,0.3735662329618567,,0
TSs217_x_TSs358,TSs217,TSs358,-0.2469737573307798,Seed_Width,6.4095,0.2659326788848805,,0
TSs217_x_TSs358,TSs217,TSs358,-0.2469737573307798,Seed_Thickness,6.2285,0.29735532388404307,,0
TSs217_x_TSs358,TSs217,TSs358,-0.2469737573307798,Mass_of_Seeds,0.26395,0.03345015528270717,0.3226550225211511,1
TSs217_x_TSs358,TSs217,TSs358,-0.2469737573307798,Seed_Coat_Tannin,949.230778565569,125.96412461006794,-728.1637398748999,-1
TSs49_x_TSs151B,TSs49,TSs151B,-0.2463756147690667,Seed_Length,8.2655,0.3734766269601123,,0
TSs49_x_TSs151B,TSs49,TSs151B,-0.2463756147690667,Seed_Width,6.176,0.26586889056038676,,0
TSs49_x_TSs151B,TSs49,TSs151B,-0.2463756147690667,Seed_Thickness,5.8075,0.29728399832161356,,0
TSs49_x_TSs151B,TSs49,TSs151B,-0.2463756147690667,Mass_of_Seeds,0.2344,0.03344213171310118,0.2930909411564926,1
TSs49_x_TSs151B,TSs49,TSs151B,-0.2463756147690667,Seed_Coat_Tannin,929.9932232514846,125.93391004415265,-708.9792111239967,-1
TSs363_x_TSs317,TSs363,TSs317,-0.2442948704716336,Tannin,600.862301370369,167.5456887981117,-306.81961752968294,-1
TSs363_x_TSs317,TSs363,TSs317,-0.2442948704716336,Phenol,146.8860338607975,105.45666478997623,331.9624805672058,1
TSs363_x_TSs317,TSs363,TSs317,-0.2442948704716336,Flavonoid,143.3814670207095,32.25590329711926,199.99057730715379,1
TSs363_x_TSs317,TSs363,TSs317,-0.2442948704716336,Antioxidant,294.3776945131325,76.0571688518514,427.85802584813166,1
TSs363_x_TSs317,TSs363,TSs317,-0.2442948704716336,Seed_Length,8.6585,0.37316474908110375,,0
TSs363_x_TSs317,TSs363,TSs317,-0.2442948704716336,Seed_Width,6.810499999999999,0.2656468723142726,,0
TSs363_x_TSs317,TSs363,TSs317,-0.2442948704716336,Seed_Thickness,6.518,0.29703574636642593,,0
TSs363_x_TSs317,TSs363,TSs317,-0.2442948704716336,Mass_of_Seeds,0.30455,0.033414205303909,0.3631919303083603,1
TSs363_x_TSs317,TSs363,TSs317,-0.2442948704716336,Seed_Coat_Tannin,877.133981669001,125.82874683466481,-656.3045309741642,-1
TSs325_x_TSs282,TSs325,TSs282,-0.2442361163715466,Tannin,479.179594814403,167.54173309894003,-185.14385322576328,-1
TSs325_x_TSs282,TSs325,TSs282,-0.2442361163715466,Phenol,114.36854543382516,105.45417499244965,299.4406225455743,1
TSs325_x_TSs282,TSs325,TSs282,-0.2442361163715466,Flavonoid,94.11478781712884,32.25514174574262,150.72256158090715,1
TSs325_x_TSs282,TSs325,TSs282,-0.2442361163715466,Antioxidant,271.702100977101,76.05537316685356,405.17928088492897,1
TSs325_x_TSs282,TSs325,TSs282,-0.2442361163715466,Seed_Length,8.636,0.3731559387828535,,0
TSs325_x_TSs282,TSs325,TSs282,-0.2442361163715466,Seed_Width,6.7275,0.26564060047809274,,0
TSs325_x_TSs282,TSs325,TSs282,-0.2442361163715466,Seed_Thickness,6.35785,0.2970287334491477,,0
TSs325_x_TSs282,TSs325,TSs282,-0.2442361163715466,Mass_of_Seeds,0.29075,0.033413416405399035,0.3493905457914753,1
TSs325_x_TSs282,TSs325,TSs282,-0.2442361163715466,Seed_Coat_Tannin,519.964661107363,125.82577605891282,-299.140424123971,-1
TSs168_x_TSs282,TSs168,TSs282,-0.2436183579954028,Tannin,576.0326210957345,167.5001360267772,-282.06988236874054,-1
TSs168_x_TSs282,TSs168,TSs282,-0.2436183579954028,Phenol,130.127985554732,105.4279929490513,315.15411318031704,1
TSs168_x_TSs282,TSs168,TSs282,-0.2436183579954028,Flavonoid,99.6560921023054,32.247133475599995,156.2498113519834,1
TSs168_x_TSs282,TSs168,TSs282,-0.2436183579954028,Antioxidant,238.7378654193015,76.03649022475027,372.1819057637382,1
TSs168_x_TSs282,TSs168,TSs282,-0.2436183579954028,Seed_Length,8.6,0.37306329204805844,,0
TSs168_x_TSs282,TSs168,TSs282,-0.2436183579954028,Seed_Width,6.795,0.26557464752999393,,0
TSs168_x_TSs282,TSs168,TSs282,-0.2436183579954028,Seed_Thickness,6.51135,0.2969549874908651,,0
TSs168_x_TSs282,TSs168,TSs282,-0.2436183579954028,Mass_of_Seeds,0.28725,0.033405120560132825,0.3458759865830331,1
TSs168_x_TSs282,TSs168,TSs282,-0.2436183579954028,Seed_Coat_Tannin,726.3307742947629,125.79453617742269,-505.56136330338614,-1
TSs166_x_TSs358,TSs166,TSs358,-0.2434245278382019,Tannin,633.383468544812,167.48708224599068,-339.44363920309837,-1
TSs166_x_TSs358,TSs166,TSs358,-0.2434245278382019,Phenol,316.68095551404,105.41977663388067,501.6926635065006,1
TSs166_x_TSs358,TSs166,TSs358,-0.2434245278382019,Flavonoid,109.399779956556,32.24462036115502,165.98908869038306,1
TSs166_x_TSs358,TSs166,TSs358,-0.2434245278382019,Antioxidant,243.7526547602755,76.03056447627797,377.18629541614337,1
TSs166_x_TSs358,TSs166,TSs358,-0.2434245278382019,Seed_Length,8.600999999999999,0.3730342181228103,,0
TSs166_x_TSs358,TSs166,TSs358,-0.2434245278382019,Seed_Width,6.7525,0.2655539505125852,,0
TSs166_x_TSs358,TSs166,TSs358,-0.2434245278382019,Seed_Thickness,6.9195,0.29693184491079244,,0
TSs166_x_TSs358,TSs166,TSs358,-0.2434245278382019,Mass_of_Seeds,0.3157,0.03340251720033096,0.3743214176865808,1
TSs166_x_TSs358,TSs166,TSs358,-0.2434245278382019,Seed_Coat_Tannin,768.3129276858431,125.784732637328,-547.5607219073324,-1
TSs166_x_TSs358,TSs166,TSs358,-0.2434245278382019,Crude_Protein,36.095376951132295,4.6818981225002085,44.31210815612016,1
TSs166_x_TSs358,TSs166,TSs358,-0.2434245278382019,Total_Oxalate,1065.802847306235,118.8041906054551,-857.3014927936613,-1
TSs166_x_TSs358,TSs166,TSs358,-0.2434245278382019,Soluble_Oxalate,412.6544542568816,52.551109683640114,-320.4272567620932,-1
TSs166_x_TSs358,TSs166,TSs358,-0.2434245278382019,Insoluble_Oxalate,653.1483930493571,128.47484772062597,878.6217507990557,1
TSs361_x_TSs217,TSs361,TSs217,-0.2430098793507029,Tannin,674.034663510562,167.45915370890637,-380.1438487514314,-1
TSs361_x_TSs217,TSs361,TSs217,-0.2430098793507029,Phenol,239.599448750542,105.40219784450983,424.5803059676567,1
TSs361_x_TSs217,TSs361,TSs217,-0.2430098793507029,Flavonoid,139.069817018219,32.23924355798041,195.6496894624746,1
TSs361_x_TSs217,TSs361,TSs217,-0.2430098793507029,Antioxidant,372.985443815607,76.01788634963654,506.39683435921916,1
TSs361_x_TSs217,TSs361,TSs217,-0.2430098793507029,Seed_Length,8.2015,0.37297201451967354,,0
TSs361_x_TSs217,TSs361,TSs217,-0.2430098793507029,Seed_Width,6.392,0.265509669286503,,0
TSs361_x_TSs217,TSs361,TSs217,-0.2430098793507029,Seed_Thickness,6.1065000000000005,0.2968823314084322,,0
TSs361_x_TSs217,TSs361,TSs217,-0.2430098793507029,Mass_of_Seeds,0.25475,0.03339694731740131,0.31336164254203924,1
TSs361_x_TSs217,TSs361,TSs217,-0.2430098793507029,Seed_Coat_Tannin,1062.27699170218,125.763757983504,-841.5615964411306,-1
TSs151B_x_TSs96,TSs151B,TSs96,-0.2429380952441604,Seed_Length,8.396,0.3729612447543535,,0
TSs151B_x_TSs96,TSs151B,TSs96,-0.2429380952441604,Seed_Width,6.304,0.26550200255356565,,0
TSs151B_x_TSs96,TSs151B,TSs96,-0.2429380952441604,Seed_Thickness,6.0095,0.29687375877318756,,0
TSs151B_x_TSs96,TSs151B,TSs96,-0.2429380952441604,Mass_of_Seeds,0.24705,0.033395982962782164,0.30565995009968266,1
TSs151B_x_TSs96,TSs151B,TSs96,-0.2429380952441604,Seed_Coat_Tannin,971.276351376858,125.76012648809277,-750.5673293902552,-1
TSs361_x_TSs96,TSs361,TSs96,-0.2428970852632459,Tannin,540.0183995080031,167.45155568766037,-246.14091927615914,-1
TSs361_x_TSs96,TSs361,TSs96,-0.2428970852632459,Phenol,271.4628414668825,105.39741549537656,456.43530566126833,1
TSs361_x_TSs96,TSs361,TSs96,-0.2428970852632459,Flavonoid,139.416524081459,32.23778078659955,195.9938293619412,1
TSs361_x_TSs96,TSs361,TSs96,-0.2428970852632459,Antioxidant,202.196752205937,76.01443723680654,335.6020895565325,1
TSs361_x_TSs96,TSs361,TSs96,-0.2428970852632459,Seed_Length,8.7975,0.3729550918897204,,0
TSs361_x_TSs96,TSs361,TSs96,-0.2428970852632459,Seed_Width,6.747,0.2654976224794843,,0
TSs361_x_TSs96,TSs361,TSs96,-0.2428970852632459,Seed_Thickness,6.437,0.2968688611488994,,0
TSs361_x_TSs96,TSs361,TSs96,-0.2428970852632459,Mass_of_Seeds,0.29405,0.0333954320182394,0.3526589831920101,1
TSs361_x_TSs96,TSs361,TSs96,-0.2428970852632459,Seed_Coat_Tannin,887.878064929063,125.75805178181857,-667.1726840519715,-1
TSs371_x_TSs358,TSs371,TSs358,-0.2425635105979938,Tannin,679.8225675685844,167.4290834549904,-385.98452610507627,-1
TSs371_x_TSs358,TSs371,TSs358,-0.2425635105979938,Phenol,320.955903265314,105.38327101499775,505.90354389663503,1
TSs371_x_TSs358,TSs371,TSs358,-0.2425635105979938,Flavonoid,116.5347441846355,32.23345443138819,173.10445671172175,1
TSs371_x_TSs358,TSs371,TSs358,-0.2425635105979938,Antioxidant,251.0569647098905,76.00423599315224,384.4443988778727,1
TSs371_x_TSs358,TSs371,TSs358,-0.2425635105979938,Seed_Length,8.786999999999999,0.37290504079544434,,0
TSs371_x_TSs358,TSs371,TSs358,-0.2425635105979938,Seed_Width,6.9425,0.26546199232769985,,0
TSs371_x_TSs358,TSs371,TSs358,-0.2425635105979938,Seed_Thickness,7.024,0.2968290209330662,,0
TSs371_x_TSs358,TSs371,TSs358,-0.2425635105979938,Mass_of_Seeds,0.3436,0.03339095030461574,0.40220111778460066,1
TSs371_x_TSs358,TSs371,TSs358,-0.2425635105979938,Seed_Coat_Tannin,905.944999063214,125.74117487561033,-685.2692371565179,-1
TSs371_x_TSs358,TSs371,TSs358,-0.2425635105979938,Crude_Protein,30.1980791486484,4.680276836684908,38.41196499703041,1
TSs371_x_TSs358,TSs371,TSs358,-0.2425635105979938,Total_Oxalate,922.5842061358184,118.76305012268783,-714.1550531705012,-1
TSs371_x_TSs358,TSs371,TSs358,-0.2425635105979938,Soluble_Oxalate,297.670140114565,52.53291185735703,-205.47487980490342,-1
TSs371_x_TSs358,TSs371,TSs358,-0.2425635105979938,Insoluble_Oxalate,624.9140660212555,128.43035840394663,850.3093450201818,1
TSs155_x_TSs3A,TSs155,TSs3A,-0.2414629139606481,Tannin,844.645827785502,167.35491714183559,-550.9379482015805,-1
TSs155_x_TSs3A,TSs155,TSs3A,-0.2414629139606481,Phenol,127.9965637896355,105.3365892287866,312.862277886156,1
TSs155_x_TSs3A,TSs155,TSs3A,-0.2414629139606481,Flavonoid,127.6253186240334,32.21917592955274,184.16997238039846,1
TSs155_x_TSs3A,TSs155,TSs3A,-0.2414629139606481,Antioxidant,231.234043410872,75.97056828231348,364.56239074633214,1
TSs155_x_TSs3A,TSs155,TSs3A,-0.2414629139606481,Seed_Length,8.208,0.37273985448813185,,0
TSs155_x_TSs3A,TSs155,TSs3A,-0.2414629139606481,Seed_Width,6.092,0.26534440022931766,,0
TSs155_x_TSs3A,TSs155,TSs3A,-0.2414629139606481,Seed_Thickness,5.871,0.29669753413480104,,0
TSs155_x_TSs3A,TSs155,TSs3A,-0.2414629139606481,Mass_of_Seeds,0.2395499999999999,0.033376159065090776,0.2981251591592342,1
TSs155_x_TSs3A,TSs155,TSs3A,-0.2414629139606481,Seed_Coat_Tannin,809.6030654464745,125.68547511807816,-589.0250566142473,-1
TSs151B_x_TSs166,TSs151B,TSs166,-0.2410699588965277,Seed_Length,8.18,0.3726808589257219,,0
TSs151B_x_TSs166,TSs151B,TSs166,-0.2410699588965277,Seed_Width,6.292,0.26530240272908967,,0
TSs151B_x_TSs166,TSs151B,TSs166,-0.2410699588965277,Seed_Thickness,6.37,0.2966505742036824,,0
TSs151B_x_TSs166,TSs151B,TSs166,-0.2410699588965277,Mass_of_Seeds,0.2595,0.03337087643901411,0.31806588815046977,1
TSs151B_x_TSs166,TSs151B,TSs166,-0.2410699588965277,Seed_Coat_Tannin,964.7574272702492,125.66558219489842,-744.2143305182025,-1
TSs49_x_TSs155,TSs49,TSs155,-0.2407892208111866,Tannin,633.145829240066,167.3095025105252,-339.51765233409424,-1
TSs49_x_TSs155,TSs49,TSs155,-0.2407892208111866,Phenol,189.4933605914215,105.30800433600291,374.3089082011066,1
TSs49_x_TSs155,TSs49,TSs155,-0.2407892208111866,Flavonoid,168.3143707911545,32.21043270275693,224.8436801844929,1
TSs49_x_TSs155,TSs49,TSs155,-0.2407892208111866,Antioxidant,273.33061458496,75.94995236371422,406.62278098327846,1
TSs49_x_TSs155,TSs49,TSs155,-0.2407892208111866,Seed_Length,8.184000000000001,0.3726387051263123,,0
TSs49_x_TSs155,TSs49,TSs155,-0.2407892208111866,Seed_Width,6.112,0.2652723944686714,,0
TSs49_x_TSs155,TSs49,TSs155,-0.2407892208111866,Seed_Thickness,5.871,0.29661702016273767,,0
TSs49_x_TSs155,TSs49,TSs155,-0.2407892208111866,Mass_of_Seeds,0.2324,0.0333671018710484,0.29095926378368997,1
TSs49_x_TSs155,TSs49,TSs155,-0.2407892208111866,Seed_Coat_Tannin,792.9342168185319,125.65136820558916,-572.416065617723,-1
TSs363_x_TSs166,TSs363,TSs166,-0.2382124963524707,Tannin,592.1742185187929,167.13568792034553,-298.85108621858654,-1
TSs363_x_TSs166,TSs363,TSs166,-0.2382124963524707,Phenol,142.513223575672,105.19860189715968,327.1367699051872,1
TSs363_x_TSs166,TSs363,TSs166,-0.2382124963524707,Flavonoid,95.502345967779,32.17696991029308,151.97292816034334,1
TSs363_x_TSs166,TSs363,TSs166,-0.2382124963524707,Antioxidant,264.0673143791525,75.87104943443539,397.2210061365866,1
TSs363_x_TSs166,TSs363,TSs166,-0.2382124963524707,Seed_Length,8.565,0.37225157801849884,,0
TSs363_x_TSs166,TSs363,TSs166,-0.2382124963524707,Seed_Width,6.781499999999999,0.2649968081341316,,0
TSs363_x_TSs166,TSs363,TSs166,-0.2382124963524707,Seed_Thickness,6.907,0.29630887050580673,,0
TSs363_x_TSs166,TSs363,TSs166,-0.2382124963524707,Mass_of_Seeds,0.31315,0.03333243743746769,0.37164842770275575,1
TSs363_x_TSs166,TSs363,TSs166,-0.2382124963524707,Seed_Coat_Tannin,741.2830302633499,125.52083144143381,-520.9939710836336,-1
TSs363_x_TSs166,TSs363,TSs166,-0.2382124963524707,Crude_Protein,36.4828529347068,4.672075320577617,44.68234512232051,1
TSs363_x_TSs166,TSs363,TSs166,-0.2382124963524707,Total_Oxalate,1048.637042012838,118.55493485461275,-840.5731313429926,-1
TSs363_x_TSs166,TSs363,TSs166,-0.2382124963524707,Soluble_Oxalate,467.2252850216145,52.440855438945206,-375.19158372626566,-1
TSs363_x_TSs166,TSs363,TSs166,-0.2382124963524707,Insoluble_Oxalate,581.411756991225,128.20530256005745,806.4120629841259,1
TSs157A_x_TSs363,TSs157A,TSs363,-0.2374471553423415,Tannin,426.2512075094395,167.08402652581665,-133.0187409566313,-1
TSs157A_x_TSs363,TSs157A,TSs363,-0.2374471553423415,Phenol,255.20528069287505,105.16608516453292,439.7717601566303,1
TSs157A_x_TSs363,TSs157A,TSs363,-0.2374471553423415,Flavonoid,82.82456101868635,32.16702405637066,139.27768823761684,1
TSs157A_x_TSs363,TSs157A,TSs363,-0.2374471553423415,Antioxidant,278.517359702214,75.8475978050023,411.629893849993,1
TSs157A_x_TSs363,TSs157A,TSs363,-0.2374471553423415,Seed_Length,8.5485,0.3721365156049874,,0
TSs157A_x_TSs363,TSs157A,TSs363,-0.2374471553423415,Seed_Width,6.6,0.26491489801173795,,0
TSs157A_x_TSs363,TSs157A,TSs363,-0.2374471553423415,Seed_Thickness,6.5645,0.29621728187113466,,0
TSs157A_x_TSs363,TSs157A,TSs363,-0.2374471553423415,Mass_of_Seeds,0.2925999999999999,0.033322134430237495,0.3510803459250667,1
TSs157A_x_TSs363,TSs157A,TSs363,-0.2374471553423415,Seed_Coat_Tannin,777.5569536310541,125.48203313764019,-557.3359854744956,-1
TSs361_x_TSs371,TSs361,TSs371,-0.2369178331496221,Tannin,726.0582719832335,167.04828732568404,-432.88852772665797,-1
TSs361_x_TSs371,TSs361,TSs371,-0.2369178331496221,Phenol,211.803569079842,105.1435901849528,396.33056985443415,1
TSs361_x_TSs371,TSs361,TSs371,-0.2369178331496221,Flavonoid,137.5902360628775,32.160143544006154,194.0312879826083,1
TSs361_x_TSs371,TSs361,TSs371,-0.2369178331496221,Antioxidant,246.3734989435175,75.8313740370342,379.4575603785125,1
TSs361_x_TSs371,TSs361,TSs371,-0.2369178331496221,Seed_Length,8.7675,0.3720569157672027,,0
TSs361_x_TSs371,TSs361,TSs371,-0.2369178331496221,Seed_Width,6.925,0.26485823283102006,,0
TSs361_x_TSs371,TSs361,TSs371,-0.2369178331496221,Seed_Thickness,6.902,0.2961539211242119,,0
TSs361_x_TSs371,TSs361,TSs371,-0.2369178331496221,Mass_of_Seeds,0.3344,0.033315006840269674,0.39286783700467326,1
TSs361_x_TSs371,TSs361,TSs371,-0.2369178331496221,Seed_Coat_Tannin,1018.991212199825,125.45519258568196,-798.8173492119531,-1
TSs361_x_TSs371,TSs361,TSs371,-0.2369178331496221,Crude_Protein,33.16215186308675,4.669632143022884,41.35735627409191,1
TSs361_x_TSs371,TSs361,TSs371,-0.2369178331496221,Total_Oxalate,832.4575261883531,118.49293868889087,-624.5024187893496,-1
TSs361_x_TSs371,TSs361,TSs371,-0.2369178331496221,Soluble_Oxalate,301.5268122097275,52.41343243906437,-209.54123827916953,-1
TSs361_x_TSs371,TSs361,TSs371,-0.2369178331496221,Insoluble_Oxalate,530.930713978625,128.1382599085332,755.8133601181007,1
TSs151B_x_TSs78,TSs151B,TSs78,-0.2359352323878736,Seed_Length,8.556000000000001,0.371909106417113,,0
TSs151B_x_TSs78,TSs151B,TSs78,-0.2359352323878736,Seed_Width,6.537,0.2647530109641454,,0
TSs151B_x_TSs78,TSs151B,TSs78,-0.2359352323878736,Seed_Thickness,6.351,0.29603626622585416,,0
TSs151B_x_TSs78,TSs151B,TSs78,-0.2359352323878736,Mass_of_Seeds,0.28115,0.03330177158162883,0.3395946091257586,1
TSs151B_x_TSs78,TSs151B,TSs78,-0.2359352323878736,Seed_Coat_Tannin,815.9591462999605,125.40535222606057,-595.8727531432241,-1
TSs361_x_TSs3,TSs361,TSs3,-0.2358237175557076,Tannin,772.647475010268,166.97438970434897,-479.6074210791355,-1
TSs361_x_TSs3,TSs361,TSs3,-0.2358237175557076,Phenol,227.72621855561897,105.09707751883879,412.17158960118104,1
TSs361_x_TSs3,TSs361,TSs3,-0.2358237175557076,Flavonoid,154.9519468728225,32.14591677073153,211.36803080545633,1
TSs361_x_TSs3,TSs361,TSs3,-0.2358237175557076,Antioxidant,326.1494931143975,75.79782829853175,459.17468177832075,1
TSs361_x_TSs3,TSs361,TSs3,-0.2358237175557076,Seed_Length,8.329,0.37189232790152255,,0
TSs361_x_TSs3,TSs361,TSs3,-0.2358237175557076,Seed_Width,6.624499999999999,0.2647410667486222,,0
TSs361_x_TSs3,TSs361,TSs3,-0.2358237175557076,Seed_Thickness,6.2915,0.2960229106800433,,0
TSs361_x_TSs3,TSs361,TSs3,-0.2358237175557076,Mass_of_Seeds,0.2739,0.033300269186866155,0.33234197242295005,1
TSs361_x_TSs3,TSs361,TSs3,-0.2358237175557076,Seed_Coat_Tannin,868.9548342658055,125.39969461880882,-648.878370209796,-1
TSs361_x_TSs3,TSs361,TSs3,-0.2358237175557076,Crude_Protein,37.0529325842635,4.667566424700334,45.244511659612584,1
TSs361_x_TSs3,TSs361,TSs3,-0.2358237175557076,Total_Oxalate,957.8629418372444,118.44052063388237,-749.9998281247808,-1
TSs361_x_TSs3,TSs361,TSs3,-0.2358237175557076,Soluble_Oxalate,372.7050389142975,52.390246161340364,-280.7601569011452,-1
TSs361_x_TSs3,TSs361,TSs3,-0.2358237175557076,Insoluble_Oxalate,585.1579029229475,128.08157502561193,809.9410670928964,1
TSs361_x_TSs166,TSs361,TSs166,-0.2354614157573243,Tannin,679.619172959461,166.9499122828339,-386.62207690308753,-1
TSs361_x_TSs166,TSs361,TSs166,-0.2354614157573243,Phenol,207.528621328568,105.08167093181079,391.9469538138959,1
TSs361_x_TSs166,TSs361,TSs166,-0.2354614157573243,Flavonoid,130.455271834798,32.14120437647647,186.8630855155142,1
TSs361_x_TSs166,TSs361,TSs166,-0.2354614157573243,Antioxidant,239.0691889939025,75.78671680175388,372.07487698098055,1
TSs361_x_TSs166,TSs361,TSs166,-0.2354614157573243,Seed_Length,8.5815,0.37183781076698247,,0
TSs361_x_TSs166,TSs361,TSs166,-0.2354614157573243,Seed_Width,6.734999999999999,0.26470225733183306,,0
TSs361_x_TSs166,TSs361,TSs166,-0.2354614157573243,Seed_Thickness,6.7975,0.2959795155367782,,0
TSs361_x_TSs166,TSs361,TSs166,-0.2354614157573243,Mass_of_Seeds,0.3065,0.03329538757162627,0.3649334051882041,1
TSs361_x_TSs166,TSs361,TSs166,-0.2354614157573243,Seed_Coat_Tannin,881.359140822454,125.38131179262525,-661.3149386263967,-1
TSs361_x_TSs166,TSs361,TSs166,-0.2354614157573243,Crude_Protein,39.059449665570654,4.666882188087587,47.24982790566437,1
TSs361_x_TSs166,TSs361,TSs166,-0.2354614157573243,Total_Oxalate,975.6761673587696,118.42315797992599,-767.8435251039995,-1
TSs361_x_TSs166,TSs361,TSs166,-0.2354614157573243,Soluble_Oxalate,416.511126352044,52.382566072550475,-324.5797228947179,-1
TSs361_x_TSs166,TSs361,TSs166,-0.2354614157573243,Insoluble_Oxalate,559.1650410067266,128.06279905220808,783.9152533433518,1
TSs363_x_TSs303,TSs363,TSs303,-0.2350782315808264,Tannin,682.8380083701785,166.92402012426226,-389.8863530520983,-1
TSs363_x_TSs303,TSs363,TSs303,-0.2350782315808264,Phenol,152.407795000902,105.06537388050037,336.79752616118014,1
TSs363_x_TSs303,TSs363,TSs303,-0.2350782315808264,Flavonoid,99.442446457507,32.13621961698172,155.84151188530993,1
TSs363_x_TSs303,TSs363,TSs303,-0.2350782315808264,Antioxidant,258.532888913375,75.77496308674903,391.5179491306195,1
TSs363_x_TSs303,TSs363,TSs303,-0.2350782315808264,Seed_Length,8.1435,0.37178014267103876,,0
TSs363_x_TSs303,TSs363,TSs303,-0.2350782315808264,Seed_Width,6.476,0.26466120482256605,,0
TSs363_x_TSs303,TSs363,TSs303,-0.2350782315808264,Seed_Thickness,6.497,0.2959336122568935,,0
TSs363_x_TSs303,TSs363,TSs303,-0.2350782315808264,Mass_of_Seeds,0.2739,0.033290223810574095,0.3323243427875575,1
TSs363_x_TSs303,TSs363,TSs303,-0.2350782315808264,Seed_Coat_Tannin,894.5897871482259,125.36186648257706,-674.5797114713032,-1
TSs363_x_TSs98,TSs363,TSs98,-0.2350633953170616,Tannin,753.080923010335,166.92301754152487,-460.13102722495887,-1
TSs363_x_TSs98,TSs363,TSs98,-0.2350633953170616,Phenol,137.2175863606735,105.06474283453066,321.6062100352748,1
TSs363_x_TSs98,TSs363,TSs98,-0.2350633953170616,Flavonoid,124.898121565814,32.1360265997095,181.29684824830417,1
TSs363_x_TSs98,TSs363,TSs98,-0.2350633953170616,Antioxidant,325.5796316778425,75.77450796549171,458.5638931572804,1
TSs363_x_TSs98,TSs363,TSs98,-0.2350633953170616,Seed_Length,8.879,0.37177790967693247,,0
TSs363_x_TSs98,TSs363,TSs98,-0.2350633953170616,Seed_Width,7.0045,0.2646596152085907,,0
TSs363_x_TSs98,TSs363,TSs98,-0.2350633953170616,Seed_Thickness,6.943,0.2959318348138938,,0
TSs363_x_TSs98,TSs363,TSs98,-0.2350633953170616,Mass_of_Seeds,0.3372,0.033290023862096396,0.39562399187797914,1
TSs363_x_TSs98,TSs363,TSs98,-0.2350633953170616,Seed_Coat_Tannin,875.660958190276,125.36111353136509,-655.6522039427302,-1
TSs363_x_TSs98,TSs363,TSs98,-0.2350633953170616,Crude_Protein,30.251843565086048,4.666130378233649,38.4409023788861,1
TSs363_x_TSs98,TSs363,TSs98,-0.2350633953170616,Total_Oxalate,968.8590810224435,118.4040806401699,-761.0599194989454,-1
TSs363_x_TSs98,TSs363,TSs98,-0.2350633953170616,Soluble_Oxalate,376.8901812064805,52.37412752026637,-284.97358740841304,-1
TSs363_x_TSs98,TSs363,TSs98,-0.2350633953170616,Insoluble_Oxalate,591.9688998159636,128.04216881763818,816.6829060909186,1
TSs363_x_TSs56,TSs363,TSs56,-0.2342661054826193,Tannin,594.252521721823,166.8691306274048,-301.3971974707276,-1
TSs363_x_TSs56,TSs363,TSs56,-0.2342661054826193,Phenol,128.8611890497795,105.03082531460105,313.19028747690436,1
TSs363_x_TSs56,TSs363,TSs56,-0.2342661054826193,Flavonoid,117.3223178155825,32.12565228865855,173.70283758217823,1
TSs363_x_TSs56,TSs363,TSs56,-0.2342661054826193,Antioxidant,239.79592143114,75.75004606405135,372.7372522735501,1
TSs363_x_TSs56,TSs363,TSs56,-0.2342661054826193,Seed_Length,9.020499999999998,0.3716578904933257,,0
TSs363_x_TSs56,TSs363,TSs56,-0.2342661054826193,Seed_Width,6.8455,0.26457417648260884,,0
TSs363_x_TSs56,TSs363,TSs56,-0.2342661054826193,Seed_Thickness,6.66,0.29583630063530725,,0
TSs363_x_TSs56,TSs363,TSs56,-0.2342661054826193,Mass_of_Seeds,0.3284,0.03327927701194155,0.38680513115595744,1
TSs363_x_TSs56,TSs363,TSs56,-0.2342661054826193,Seed_Coat_Tannin,806.2544310741664,125.32064383666176,-586.316701140825,-1
TSs363_x_TSs51,TSs363,TSs51,-0.2338936305398882,Tannin,522.123750843846,166.8439499716558,-229.31261864359004,-1
TSs363_x_TSs51,TSs363,TSs51,-0.2338936305398882,Phenol,191.7542488598295,105.01497609764084,376.0555319111892,1
TSs363_x_TSs51,TSs363,TSs51,-0.2338936305398882,Flavonoid,100.6571773533755,32.12080450771818,157.0291892644209,1
TSs363_x_TSs51,TSs363,TSs51,-0.2338936305398882,Antioxidant,276.48465058588704,75.73861533491807,409.40592049866825,1
TSs363_x_TSs51,TSs363,TSs51,-0.2338936305398882,Seed_Length,8.521999999999998,0.3716018070861568,,0
TSs363_x_TSs51,TSs363,TSs51,-0.2338936305398882,Seed_Width,6.7535,0.26453425207458303,,0
TSs363_x_TSs51,TSs363,TSs51,-0.2338936305398882,Seed_Thickness,6.526,0.2957916587532747,,0
TSs363_x_TSs51,TSs363,TSs51,-0.2338936305398882,Mass_of_Seeds,0.29745,0.03327425514831188,0.35584631778528736,1
TSs363_x_TSs51,TSs363,TSs51,-0.2338936305398882,Seed_Coat_Tannin,699.4493671826724,125.3017328734487,-479.54482598976995,-1
