trait,n,focal_rs,pip_bayesB_focal,pip_bayesC_focal,effect_bayesB_focal,effect_bayesC_focal
Tannin,93,100033542|F|0-31:T>C-31:T>C,0.00899999999999998,0.0207999999999999,0.502894683305355,0.394922066463944
Phenol,93,100033542|F|0-31:T>C-31:T>C,0.0279999999999998,0.0356,0.0480411084712873,0.485317709614797
Flavonoid,93,100033542|F|0-31:T>C-31:T>C,0.0106,0.0259999999999999,0.614169690927684,0.195854160864922
Antioxidant,93,100033542|F|0-31:T>C-31:T>C,0.0549999999999999,0.0493999999999998,0.491036224292054,0.103853743026969
Seed_Length,95,100033542|F|0-31:T>C-31:T>C,0.0236,0.0429999999999998,-0.000729112731448462,0.000903434064015473
Seed_Width,95,100033542|F|0-31:T>C-31:T>C,0.0797999999999998,0.0293999999999999,-0.000747664548091554,-0.000989215143379519
Seed_Thickness,95,100033542|F|0-31:T>C-31:T>C,0.0901999999999997,0.0329999999999998,-0.000226138650607772,-0.00071067463528222
Mass_of_Seeds,95,100033542|F|0-31:T>C-31:T>C,0.0767999999999997,0.0457999999999998,-0.000101576543421773,-0.000212413727126586
Seed_Coat_Tannin,95,100033542|F|0-31:T>C-31:T>C,0.00719999999999998,0.0441999999999999,-0.0231150164991458,0.548773861058298
Crude_Protein,92,100033542|F|0-31:T>C-31:T>C,0.0291999999999998,0.0373999999999998,0.0527692521346924,0.00609176829259615
Total_Oxalate,41,100033542|F|0-31:T>C-31:T>C,0.0365999999999998,0.0457999999999999,0.237347067976067,-1.90262218935525
Soluble_Oxalate,41,100033542|F|0-31:T>C-31:T>C,0.0663999999999999,0.0802,1.43410458433165,1.08212801042024
Insoluble_Oxalate,41,100033542|F|0-31:T>C-31:T>C,0.0142,0.0527999999999998,-1.88614651989062,-1.40548226904624
