PC1,PC2,PC3,PC4,PC5,PC6,PC7,PC8,PC9,PC10,sample,cluster,Tannin,Phenol,Flavonoid,Antioxidant
-29.08213511845353,-0.7434278802604793,1.0796570756923942,0.03719215390741502,-0.36822221293552515,3.640411296473165,-2.4298956334130155,-1.9252464722405833,1.1734668007297393,-3.3819960580028345,TSs156A,0,673.027286238732,227.193040482138,87.0933996609076,129.392142398117
-41.32091789163502,-3.1045586184101466,0.7730082323432289,-2.3413057952591694,3.2695101336948498,-4.970526609273512,-6.846346244236804,-3.3734752966801005,4.344319520974464,0.5098013774771514,TSs361,0,697.419649368991,274.975748250218,148.504843097067,224.357952411057
6.132221491449142,11.94933273968141,4.549730217652288,-9.886732226614543,-0.3155890938906234,-1.0972059590456196,0.3917344186145966,2.0998884551908477,4.6706569473013415,2.348147594317131,TSs368,1,376.423898803709,343.315475700742,181.132879223169,342.723974632529
7.6089390009646225,7.609456917811822,-15.96262594498133,15.651939370608838,7.9091731524313635,-3.804573937606016,-5.5504610206452165,-5.415311183967825,1.2522956634639475,0.3673220323528484,TSs49,1,402.279338036836,236.310690798753,157.038686779085,298.909487468502
-23.295827469543823,-3.6944235063165554,0.6023839086878793,-3.1744835867771837,-1.4359817192301243,0.4647951476694051,3.284007171204514,0.07899092734798452,-1.641380604488527,2.2426295175197266,TSs138B,0,858.978665615279,175.220126025799,111.539718004083,394.275470102886
-0.5578871153515826,16.18686300356652,-1.4475871004114225,13.206978178722636,-0.565866688190787,-7.372123239724865,-1.6056453856247594,-0.3446731282875787,-0.11136491177134845,-6.603108398009474,TSs22B,1,670.14163158999,139.740551753838,164.569163733639,340.914839953828
7.680326720669382,-0.07160256680029835,3.09546777798918,-4.612123113673556,-4.286788566507883,0.7790722039867474,-6.352491771447017,-5.43667246057457,-1.2492551956239342,-0.8136452710144793,TSs287,1,304.203020675397,431.757645209404,121.121036076449,319.662921774314
5.091711324299178,-9.728604738950182,6.463854473884742,1.5315629076104764,-5.415102831445714,15.904753065028986,-2.254423105730215,-0.6615922046901005,-2.5364780212702613,3.2317812636874876,TSs383,1,643.173272835716,160.386337133188,120.595699480762,329.030526523455
5.704603657211161,2.1369085093219558,-7.65358907092448,0.6557497542061865,-4.999885133871815,-5.4672753033301795,-6.581498985173198,-5.736065457036709,6.397527066520554,-9.721593327482994,TSs314A,1,415.113230076846,129.099404004117,198.878049198355,310.630510862144
7.398242674590476,-2.560823521298929,8.66311071267755,-3.0725134266328733,7.079619388158126,-4.500908652692789,2.812557841681029,4.423361817975288,1.0810154436304091,-4.150109974417582,TSs30,1,1089.26392780456,180.566653427742,104.398496667849,429.278054534194
8.01732285956197,-18.27945688739711,13.007545835042494,9.764585322050642,-6.545362756166843,8.04584747903869,-5.2400772471489585,-0.7785065029387894,-3.1497661559389996,-5.83092694245704,TSs291,1,668.354615906474,77.0327218393431,56.3631607843129,24.5133308595071
7.958375504928719,10.253564804181403,10.12349708995945,-21.8375449061971,7.010263856988517,2.240292781178986,-1.8155222913350255,-17.385136698626177,-5.296839139309182,5.759459021142206,TSs157A,1,329.972674531224,365.465608641324,87.0501306743437,282.680516222871
-1.7199616764873644,-1.1190678028151804,1.0439055983825958,-0.8451578535824155,-2.823157008835374,-5.1828718584827875,-3.725700527611988,2.3011619426302077,-1.0755988381574193,1.174524510957015,TSs27,1,998.261934315105,173.824776581272,141.948800400748,334.442308928021
-30.51415705068108,0.1757150687370254,3.6370927877668513,-1.5689328900259294,-1.4640385013643844,2.936305446107664,-0.6494308998487519,1.268707999944679,-0.9064681595326805,-3.9480680496596903,TSs363,0,522.529740487655,144.944952744426,78.598991363029,274.354203181557
0.857909874373953,16.477068515331048,7.39059040506855,-4.717489140417232,0.5679435545203525,-0.3917551201127689,-1.6934197932510922,5.58260593576318,-1.0082951733885601,-1.6260620172588838,TSs9,1,356.311068164509,456.124239349046,88.2927479525769,322.910399138709
-41.05425224501673,-2.8218025929875,0.5795387844794376,-2.353847897887257,3.192487145554686,-4.9585542076329014,-6.625010753712356,-3.1444189305642847,4.534623926781966,0.6578737501663305,TSs151B,0,,,,
-26.712471169988387,-1.4682454060540016,1.0772884665010543,-0.6920849923964436,-0.003878950022393629,1.8515435918999255,4.759923380090312,-0.10361961755002186,-1.7988371833006558,-2.6484522527161194,TSs133,0,350.181189808862,211.66843466716,124.482152977083,218.153587437576
-21.184547551196808,-13.38643735484121,13.736768588043097,6.08163459987847,-1.7230394275930925,-7.161395292348144,1.069499760755983,-1.8536617386438659,-5.487347938783034,-1.1190484932953497,TSs155,0,864.012320443296,142.67603038409,179.590054803224,247.751741701418
6.4702636447588535,-11.842497498301165,-1.7781620527881197,-1.4203467354711932,3.9010910778334775,3.3509462482909225,-9.49390850873113,0.3837230812193961,2.948545460582745,10.48762614246621,TSs209,1,148.461797672119,128.57200773084,33.3316633707094,157.342672795309
3.9968793619175766,9.734107029525024,4.96980347619594,-2.4755154181085275,1.0770051330941706,2.0911197407698165,-2.1046999690941104,-11.119505245127419,-4.232093962044724,8.507924812433094,TSs136,1,577.180904942822,94.4101787117432,98.7134838469485,126.26764368377
3.505341997819826,11.762373522167358,-11.93819374493238,18.95676877501329,8.315524584416847,-2.6384040650501204,0.8163357456340198,-1.7470785323228741,0.298047579796713,0.3156911406971554,TSs22A,1,367.109111440282,326.175808098876,173.770799494423,387.768804477413
-23.40700570349236,-4.812605954423713,0.06525988269286025,-2.2752087874907745,0.7253765020644254,-0.8753950408893921,-4.356179810675436,-0.19871108327885895,2.423433320625157,2.147285800513502,TSs357,0,384.017573600314,125.058583531967,148.272566218671,318.54422830517
9.732164007204254,-11.220264008209824,-0.615297417089065,2.3149815098364037,-7.94862138896007,0.4506018477860552,-9.597710395865851,-5.025820547561141,2.377398188878975,-12.660843524729893,TSs161,1,974.448162462745,114.018714636866,129.44050511229,251.782120235792
7.759763802271475,-5.354088951207927,-0.6200009043156226,5.257960085571743,-1.7695503019257894,-1.0767148607763188,-6.686042836937503,-0.21734776352428356,-0.39480236840637145,1.3686482160198175,TSs11,1,128.371590788144,118.426964757627,19.4751659921598,113.392693658727
-6.6957806426539825,-3.713534836573156,-7.180999423793368,-0.42503328948864744,6.168736529358298,0.12871090513565103,2.192081360217623,9.979378053814992,-0.5504058347717334,1.5770127171408477,TSs5A,1,337.484804011403,299.315902479353,102.336456678083,378.175733636011
2.0767554305060876,3.0729254717283676,-3.0189767574963544,-4.456387887763001,1.9008153129748593,2.495143063484989,2.495868931633822,-5.346113982884475,-4.401700757300855,-8.286799315369938,TSs131,1,504.174690344729,156.692450594658,85.2353163965832,448.999873075738
1.9625690058871912,-2.0483529763326267,-2.9974419252932756,-3.694184986452269,3.4341431223446235,3.493946956625458,-4.412686600904443,5.400988510078776,-0.5902434228762359,0.08486802429732584,TSs294,1,666.994154095296,111.150816945258,115.797105078483,167.500910206399
5.674328668295019,-0.3753149833074084,-6.261463098199783,6.129734157416045,3.3930762148183082,-4.029529031768201,-4.2986744170710445,-1.0476400971456963,-1.061831008423321,3.6077781905103645,TSs378,1,710.264278405152,137.10917059077,76.310481323036,244.233768602207
2.3720065035558155,3.7796784387690305,-8.610790027384246,-2.1936062727184105,1.864227043924874,-1.3369996575953396,4.967207456219813,-6.727574358567699,-1.6517170827471075,-1.471726804749405,TSs336,1,,,,
-16.00646482025574,-7.1814449668731974,3.510706075345076,-1.1458652353361172,5.008276509649445,1.6900062845063009,-3.7875233622797477,-3.522750813658177,-0.4087975079991431,-0.7243848162265089,TSs111,0,791.786905291447,197.550694835704,89.5486248315051,305.344557787534
8.149184840237805,3.6959258563047506,16.35619085726731,-2.8399773497524143,8.43813091269823,0.714368993596405,4.843880348128896,-1.6092693564220142,1.952689692691804,4.374506382852333,TSs56,1,665.975302955991,112.777425355133,156.045644268136,205.237639680723
4.534879378036723,5.959199748717087,-8.93400266517113,1.1630743497601508,-1.4103036053672997,7.606578126877465,5.5032732716713495,4.930647543781693,12.234424245748185,0.7936240178621944,TSs3A,1,825.279335127708,113.317097195181,75.6605824448428,214.716345120326
6.093230931253871,-6.432860143365851,-9.175068940482559,-9.120537853276199,14.515300075736775,0.9878892322838535,0.5381862724896812,-7.229292283727078,-6.990660094223289,-4.09244436039371,TSs95,1,759.238785124987,103.771931691614,157.626669807959,277.24358594337
-0.2467086451281181,17.186759695010746,-3.1263902321312944,18.211714940588053,-0.21620053160049366,3.8995953916396484,6.766509720554018,-4.322594417546379,-3.4340013441919632,2.202548848771478,TSs2,1,612.38731956499,207.024987894394,106.912105658187,388.581296904685
-4.144929074965409,3.707025464847086,2.188394719915231,1.255328072520887,-1.741471897034121,5.262707965456773,5.009022051545035,-0.17899060811341508,-3.9737281459031095,2.8696870149365763,TSs44C,1,365.269118944607,267.85376612093,101.457318160292,319.709298882325
8.704241043070597,-3.9099380085872015,0.7473367502384294,3.484966593520334,-6.232770009512137,2.77444123393637,-2.9562226436877848,4.246854860829711,9.538474991484364,8.444487964260588,TSs201,1,444.766411760332,130.13385280449,204.841386725877,352.260513615858
9.496957945962597,-20.600544919697743,21.033416238335867,11.429781667916819,5.193389448436953,-2.7254590324301478,14.605372299330666,2.9417199571783845,9.035070989932107,-3.004558965395588,TSs217,1,650.649677652133,204.223149250866,129.634790939371,521.612935220157
-1.7968394421232885,-3.1633817728168574,-12.407324832237489,-4.049594988302091,-26.08659770159994,-18.790209159679403,19.65326883827363,-8.3867547121687,3.097380649967635,0.6298763205781992,TSs168,1,491.780246219773,115.190952605561,108.407802391138,143.130312354818
11.312819678811303,-6.5067178689752145,-0.43478327473944417,-9.658823572146437,7.9652204840631455,0.24494051887950233,-0.6171288268383779,-8.239058099338877,-4.58498486241941,-0.8170473207505042,TSs98,1,983.632105533015,129.490219976921,171.197251768599,376.805060174128
2.0654056551451694,-4.503280538910295,-14.022497295334206,-5.231528967417669,5.739423915831504,3.570289871788449,8.775714895425965,21.990728408087637,-23.516601720954043,-21.814198225738334,TSs116,1,568.449014225758,152.274167480188,89.9363188067058,439.132059185865
6.105887282212483,10.744600174940224,6.046667758143946,-10.802629114906395,-4.022638919069952,-9.38923194112074,-2.7616724246450692,0.6679746615941653,3.420501221944555,-9.632278199816419,TSs53,1,966.191745478736,169.133145633141,233.482231697613,377.2998781041
5.394685234408405,-4.9202532277346585,2.127894172419957,2.5580935339450313,-1.5106099512329192,-3.722871867728472,-0.8296873086321647,1.5505383067035448,-3.844077361443982,4.474379111795112,TSs63A,1,388.06289537733,374.50267519347,159.156014899968,313.870583861333
-0.8641531404639898,-7.905322776638328,3.548015798777531,2.146326126743938,-3.804970473602493,8.388198220953061,-2.6854623219686853,-1.6575194331025653,-0.7554459497965782,-2.4777761404810987,TSs158,1,650.358406584359,110.904810523761,128.695767401526,236.109653491644
0.029781715612902562,-0.026252806411087248,-13.960235033624318,8.740509216778484,12.046628020354918,-6.037027781757297,-10.291289683855334,2.7425181225867497,8.273965693845547,-3.8017063235506328,TSs269,1,574.673021507819,117.714983769016,97.7910439201985,139.532577630179
9.29147470154918,0.6998984646356624,-10.015090893572077,-3.0635581587415315,6.404715362437365,1.7247276158407447,-4.6546219638826285,-7.702074044997958,5.1176508619907315,-5.732915188238525,TSs317,1,679.194862253083,148.827114977169,208.16394267839,314.401185844708
-4.276195257419161,2.4057156620373075,3.0145572338894397,2.4678632421260915,-5.391616728477066,8.842082242252957,7.38463201169277,-3.7519210449906346,1.3252278789517455,-1.560271193567338,TSs49A,1,341.331811217012,616.190803172839,145.407593146018,362.173006559779
7.705369535755152,-11.65696267066627,4.314560460885029,4.173786994801058,-15.36031972866173,-11.78534799985594,-3.847349232756411,-1.0490704078058983,-2.4015200372923373,-3.3441189546945473,TSs417,1,348.557206256345,398.366629988418,82.518267441137,209.141490101471
-9.515759119930385,-0.6444291627589568,-7.021405769890432,-0.7692823732904615,3.2114843692445194,-2.72688357153479,1.4321788873796133,9.058866314131315,0.8548242177486342,3.7420530332559476,TSs195,1,964.176668972274,104.527182843986,124.416628455803,309.221161324732
10.032509241940774,-14.989572368137322,6.303170364166102,-1.601723936924464,8.916695393756298,3.748215549459097,-0.16502508866314716,-0.05632778736001722,-3.9844278094857675,1.245886781100687,TSs371,1,754.696894597476,148.631389909466,126.675629028688,268.389045475978
-1.3348930230059055,-2.600279871673286,-3.389484371033545,-1.9548809294614795,-2.2128037560448406,-1.558017017020288,-0.5430393897573431,0.030934677887534397,-2.077155454325271,1.2159805129313166,TSs23,1,728.053550415867,125.367492450801,172.846055895737,195.03737659037
8.669691614181948,1.603789540997465,-8.145686975018249,-6.7404925527866615,3.4089438140149624,-2.2342533772501,3.760195425550292,-4.167611499213461,5.448487534224501,1.4592020515074675,TSs51,1,521.717761200037,238.563544975233,122.715363343722,278.615097990217
1.5578307352478988,18.623139100652608,5.9942098357572045,4.24108743740889,-0.8766607743617036,-2.566725837366573,-0.7453207846040881,-3.1391660270041717,-4.089179696712907,0.4318003330693729,TSs59B,1,665.687958320523,168.021795187676,143.615005683971,325.474072904993
-23.04332723317322,-3.5893630860732597,-0.06917406203420969,-1.1379631064386162,-3.2421628841727514,11.594679528767502,5.980182884551461,-2.118967005182886,-1.5075389619750608,1.5098456706905579,TSs365,0,413.017743873986,124.615855243755,164.491123414755,236.239043457812
-8.564653920707903,-4.725621543222925,-4.541710175621512,-0.9118479943915656,-1.5712425816419717,0.4530813506264024,0.3363302273120936,4.24632000243099,-3.3724234419599726,3.7041706759251247,TSs224,1,376.703603858286,127.458301449473,143.79566709392,268.124296763973
9.209702249288974,-11.26560545425222,-3.9967891261352215,-1.4794008048612795,-3.1682267137149442,-8.01077114772599,-2.706908096891126,12.960834223770725,-5.192830598026169,9.773348852016715,TSs325,1,298.07419365711,83.6720723637473,97.3251938207849,209.058783470417
-2.711864502126117,-3.6333829937991906,-9.373517085719428,-1.4507358119915783,-1.331026205096365,-6.212898342421978,1.6437764119920488,7.780986266039881,2.212669738267877,0.5965806212846176,TSs119A,1,433.321129377677,147.192221791308,177.932626593979,329.082694782641
7.494692288197994,-6.206677312058909,-8.914799182911224,-15.921496774279227,14.855256390800628,8.050782440542461,4.285626985214923,-20.55084009779197,-3.460672756609137,-11.718886227740766,TSs166,1,661.818696549931,140.081494406918,112.405700572529,253.780425576748
-0.21667969773153398,6.581511252391941,-10.642011059519499,14.657585190269788,6.018762736844711,15.454645381432199,6.738204566419272,-1.6714638383183618,14.324550108016808,-2.620920790439296,TSs297,1,485.26170921871,555.534957627117,193.029675638371,402.584292348072
-0.48874152401046944,2.6242375337712223,-4.632520291539349,-3.279115107720248,1.217883499394267,0.6967219158047399,5.90821262447197,11.01338163134551,-6.142495141963845,1.5853739599435641,TSs338,1,682.489803263535,164.37507268547,110.044623259527,245.052164796779
5.568241226872646,4.851932875710592,-9.038908452931334,5.7359754712472215,6.469311972683734,0.02783187299451573,-9.191284080591169,0.3141259007257807,-1.5538497864855574,12.869456967488993,TSs293,1,820.24560634974,141.043867654183,213.310771973677,350.34483635561
9.048096534382339,-0.010199935892931849,-10.932617502724357,-7.501267805309977,-11.922713837906572,-0.47438955042457664,-4.9156669089062905,1.2690450344686484,7.614968672131188,-15.623172736293002,TSs24,1,708.902476595967,79.5223089316254,85.8761231501137,97.658671872829
10.293208313314327,-6.116196052569047,0.18538097189836436,-4.127489456602298,0.40078656474851104,-10.125848294357255,-4.863398576283755,5.588614434035388,-0.7273391725981115,9.532613448162751,TSs334,1,382.1528750973,781.814978506539,137.58145199245,367.203206526642
-0.8938089007379899,13.601295078991855,-2.155218867851428,14.950406797216068,-0.9305548250714729,1.6135278802813398,4.275752137007431,-7.342081874700016,-6.898549921648133,-0.25279906873706487,TSs1A,1,614.836968379412,314.20184926738,185.05099508037,329.720728065091
5.685732265787453,5.945384980210931,3.022993341663489,-11.90019016336906,0.3969746877180531,-1.368506607352144,-2.5468701073377593,0.17759366028635054,-1.8794861159026706,4.100297958100106,TSs266,1,723.15885769988,130.755593839982,151.033408933863,320.344479932166
-7.200906072821332,2.9564044470987474,-2.0041229301821075,-1.283116807265934,-7.22658523964395,8.601316529210306,7.932456414800059,0.010849431098332678,-5.331150597098663,2.52781265030254,TSs277,1,870.136225602217,172.432200381262,121.666613424945,264.130798619124
1.4423745495410447,7.329131903324683,4.672845907138903,5.336609938144018,-2.2196434785236514,2.200745084774052,-0.03145481756265251,3.7702894965116696,-4.895836023464891,1.9711803587744883,TSs60B,1,330.645624777042,337.097325544789,161.40400744792,327.504153496759
9.523443443848189,0.0316070917061247,-7.522704300678326,-13.887546945901926,-3.1154624520511085,7.973502573165308,5.784065164476636,0.700584338240144,20.376367552581435,7.26699542148949,TSs303,1,843.146276252702,159.870637257378,120.285901551985,242.711574645193
4.617003601960935,-7.348028272271989,-6.138072132332079,-1.4598445186649534,2.887994943349672,2.544663690333617,-6.738181527533811,8.785726016576401,-2.5670664476542067,3.479833943806832,TSs120,1,352.869123610881,232.028199830313,123.499801394815,250.360450999278
5.275339244776665,-4.053431438530043,-3.5012896881503384,0.9056133354545349,2.0899448629197024,-3.188561402396535,-1.255552828724369,-1.0853353789818287,-6.5269544113351,6.863670584762556,TSs132,1,578.264790117291,210.230224991617,102.983235073787,20.6792873825816
7.883405216228887,-15.717671148676622,8.978683107285372,9.794990555013822,-12.16890481302865,21.096031931867053,-5.699396018552464,0.6773502618835254,-2.423403545577842,-3.4639731094212447,TSs78,1,695.466383626912,139.253993829126,100.126791399912,225.964245136732
0.9847532837724491,-8.891575137671579,0.8632832137704906,-0.6345108446724028,-1.7184800232827464,-2.3841230218729392,-1.7750942275681594,5.705080755732684,6.337501342555588,3.1579104804726588,TSs61,1,729.317254314737,124.380233562243,76.403832250301,391.003519798234
2.6346354340756832,20.626284088153074,10.751387241829734,-7.741758446135751,-1.8991613198832749,5.123199640352949,2.604698912084626,6.78872394312759,9.075347274509534,-2.3993486857710002,TSs60,1,397.596636214475,460.161093199478,156.265432461037,383.563839146889
0.16235117809783406,-4.322390512596026,-8.524604877138495,-8.979955906754627,1.2670698189458018,4.51477253900283,2.6478785931758284,7.261982265223051,-1.7644450883369396,0.8246579665461634,TSs274,1,806.717860267591,124.737824876333,134.052340312217,179.770116542653
4.980905083182961,17.636330053136188,9.204904036662706,-6.7512626195254635,2.2244118741021506,0.4658399214358492,-1.8569768693008437,6.924294723941946,-0.6308976351737522,1.8208207529138385,TSs10A,1,618.751573809313,177.528308055961,131.536666527523,355.353844530405
9.869518819097571,-5.290718869446977,-5.823544075867166,-1.4545192762821124,-4.0040407578408335,-6.201092020156782,-3.4628153106708988,-2.507889696571677,1.2599709198318876,-3.745649695185995,TSs96,1,382.617149647015,267.949934683547,130.328205065851,180.035552000817
0.4699304377294496,32.279438623757976,24.420896189381146,-8.610295096516616,0.5593618533743072,-2.6467704614735323,-1.9356123076262863,7.922177212412472,-1.0487184961185927,-7.061977969277133,TSs282,1,660.284995971696,145.065018503903,90.9043818134728,334.345418483785
6.30238807995993,-11.487208024403833,5.96928631070372,0.8759101287153761,-7.4846050448976245,-6.679117607847106,-4.577506819928928,-4.828411569371034,-0.35714973635046254,-4.479278199035884,TSs56A,1,417.158644051563,165.853706315127,192.578043545976,373.31739476693
2.236420418354724,13.62075959185043,-4.104421319853817,15.998919334865292,0.1845744489329094,-1.757054290054143,4.266766150562513,-4.713217228903007,-6.105748847752396,1.589971942619918,TSs296,1,648.95212741343,172.430256080121,123.129258759064,365.467817739833
5.4626573606998905,-1.5178102057893041,3.560715304919122,14.049939395688629,-1.454839853825906,-6.4951357142720845,-5.969908637201271,-3.4783219458628754,-5.119636301865853,-0.7062788292204739,TSs33,1,367.594273355843,467.824633162084,84.8803960994229,253.156474638788
7.522956509319829,-5.553325346456315,5.798466652853245,5.5886904637217185,-7.4709821735692605,18.87378629605405,-3.974231597154875,0.413900231314143,9.24491175636444,-4.172864777785262,TSs311,1,611.137114148237,123.714212989216,164.311975400378,218.048313785812
-1.102591084644807,20.79301065383226,8.833182916868509,10.347384967474916,-0.10772115674980827,-0.9898453183635978,0.428765946340452,-0.7243307303211158,-4.299426439896472,-2.5915835593009633,TSs68,1,345.248520888374,204.333742009368,106.890690122087,223.858773467657
5.016007686839486,1.7657872092911786,0.3058422033364708,-4.493843535624691,-5.312914760368884,-6.844368646192003,-3.0261580127020022,5.086320885212899,-1.069459818185714,-1.5388091340443915,TSs104,1,657.546932838575,108.632989891358,131.432355058879,194.180609833918
7.6573847746729236,-7.279556156365307,9.640917776415385,-2.8679807891818654,2.5138660505948787,-4.0216814078778835,-2.6538339808977103,0.6719649723216299,-4.5279640360188695,7.104219485450234,TSs58,1,369.525865160098,240.441621354803,145.599056095679,329.645750919612
-41.240818314957146,-2.936382417227994,0.7261544934680374,-2.2843958574149386,3.1797944367269277,-4.809416416584564,-6.7660873266817605,-3.3433933264035085,4.401696284952831,0.5438458457674578,TSs358,0,604.948240539693,493.280416621162,106.393859340583,233.724883943803
9.704278945550639,-8.749926292759588,4.513327938538536,1.0401260494248035,0.020124701277040788,-1.0014134063959774,0.637466891569285,-4.998519779087225,-8.179087874456279,4.748335943705461,TSs82,1,400.08509552489,104.172723414918,126.370764652015,318.811280242038
6.883626709799354,-0.5809377756128936,2.144599044288133,-6.579704628910298,2.0589877240373697,3.865543745603394,-6.984121314504632,4.419256713065321,-1.4386639215606423,3.644249407103918,TSs15,1,679.680898759658,129.953081650082,170.902269328135,362.51226510195
7.027290588791927,13.059255773439679,-0.6338443150258432,1.9153936186948657,2.0111404643209387,-0.06873293754650008,3.5643926989590726,5.473116943984384,6.413402822309548,5.451747522220735,TSs3,1,847.875300651545,180.47668886102,161.399050648578,427.941033817738
-1.8212294250431413,10.29733192293279,5.932705808779085,-1.1910812976546135,-5.719582880272051,6.713857674459028,4.01272398292497,1.4992587126604315,-3.2706313085716463,5.1631427072190785,TSs4,1,268.32335912163,336.744162454547,100.552098585283,141.775902863707
5.204213640943903,-2.014929353116543,-9.019446112927968,-6.890932359162948,-0.6092435535788456,2.5728003955718024,5.428013590319859,6.563991105644893,0.1577075527222362,-1.3833727768737278,TSs331,1,301.283607439672,368.106252759325,94.4935920608799,229.371229976923
5.149839569164082,9.573718539503037,4.339635293899644,-1.1320790291646006,-6.0833484897099,-9.904443987002361,-10.936775018176682,1.4006376728984171,8.862531355206784,-9.2898346076899,TSs314B,1,628.424853677183,110.544446363346,123.176746027001,99.1104707151392
9.164512617973877,-4.121776617098502,-0.7055717548321235,3.7376460565427547,-1.3382206037307942,-5.7330064484368215,-1.761971474067668,-6.53938844523889,-3.9640909333872076,6.846396801372167,TSs333,1,309.784244749376,78.7312509780833,95.8487144937705,251.833547263856
-2.937038606378699,3.276407982475591,-3.86896746485166,10.71343990891135,-3.029630246833755,1.4674001623059134,4.4206790334664285,0.16250390334207782,-4.735093901224861,3.1107936560073948,TSs7,1,413.265182162279,135.308052450542,109.467798536232,333.815304702279
7.962296156966782,-21.286025346145493,21.37080876136007,10.304229208248685,23.043649421609874,-14.858428472501103,21.973878515805733,1.1269966838340548,12.164125349732208,-6.383606411151123,TSs38,1,400.575314949455,240.247728703088,172.840181782463,293.755628783359
-6.054723391999105,-3.0503484988599925,-8.90633217290792,-3.26724580876743,4.882204342150873,3.0372856593484956,5.304769078027259,6.696739748845189,5.031472219332436,3.0064667998334054,TSs10,1,274.766637606925,339.57097457627,139.133885438233,254.070146818923
0.42638753923981604,-3.478438351911058,-7.5123553906812885,-9.173504378702278,-15.277959300034007,-4.093681311552324,20.597884191318286,-8.589503993323792,-3.0816338422488094,7.63028978738386,TSs48,1,410.051210993338,233.506694795289,157.82139292278,314.195563202729
