trait,h2,neg2_delta_logL
Tannin,0.001,0.0
Tannin,0.004413793103448276,0.06177950233404772
Tannin,0.007827586206896553,0.12309986874220158
Tannin,0.011241379310344829,0.18398357304624824
Tannin,0.014655172413793105,0.24445179734857447
Tannin,0.01806896551724138,0.304524526102
Tannin,0.021482758620689657,0.3642206323285109
Tannin,0.024896551724137933,0.42355795667924667
Tannin,0.02831034482758621,0.48255337997227343
Tannin,0.031724137931034485,0.5412228897902196
Tannin,0.03513793103448276,0.5995816416758544
Tannin,0.03855172413793104,0.6576440154047987
Tannin,0.04196551724137931,0.7154236667776104
Tannin,0.04537931034482759,0.7729335753330133
Tannin,0.048793103448275865,0.8301860883425434
Tannin,0.05220689655172414,0.8871929614118699
Tannin,0.05562068965517242,0.9439653959901761
Tannin,0.05903448275862069,1.0005140740530578
Tannin,0.06244827586206897,1.0568491902025698
Tannin,0.06586206896551725,1.1129804814044064
Tannin,0.06927586206896552,1.1689172545652582
Tannin,0.0726896551724138,1.2246684121244016
Tannin,0.07610344827586207,1.280242475832324
Tannin,0.07951724137931035,1.335647608856334
Tannin,0.08293103448275863,1.3908916363582193
Tannin,0.0863448275862069,1.4459820646582102
Tannin,0.08975862068965518,1.5009260991041629
Tannin,0.09317241379310345,1.5557306607435066
Tannin,0.09658620689655173,1.6104024018936798
Tannin,0.1,1.6649477206956362
Tannin,0.11,1.824056571156234
Tannin,0.12,1.9822762993151173
Tannin,0.13,2.139736570879677
Tannin,0.14,2.296554668388467
Tannin,0.15,2.4528371868436807
Tannin,0.16,2.608681460470507
Tannin,0.16999999999999998,2.7641767700829405
Tannin,0.18,2.9194053703612326
Tannin,0.19,3.0744433684733394
Tannin,0.2,3.229361479336717
Tannin,0.21000000000000002,3.3842256780063735
Tannin,0.22,3.5390977658636302
Tannin,0.22999999999999998,3.6940358642775664
Tannin,0.24,3.8490948469760724
Tannin,0.25,4.004326720444965
Tannin,0.26,4.159780960095304
Tannin,0.27,4.315504808672131
Tannin,0.28,4.4715435423404415
Tannin,0.29,4.627940709033737
Tannin,0.3,4.784738342955961
Tannin,0.31,4.941977158541022
Tannin,0.32,5.099696726708089
Tannin,0.33,5.257935635843523
Tannin,0.34,5.416731639611385
Tannin,0.35,5.576121793419361
Tannin,0.36,5.736142581133095
Tannin,0.37,5.896830033436572
Tannin,0.38,6.058219839073445
Tannin,0.39,6.22034745006863
Tannin,0.39999999999999997,6.383248181916315
Tannin,0.41,6.546957309618506
Tannin,0.42,6.711510160388002
Tannin,0.43,6.876942203761132
Tannin,0.44,7.043289139812714
Tannin,0.45,7.2105869861286465
Tannin,0.46,7.3788721641559505
Tannin,0.47,7.548181585535758
Tannin,0.48,7.718552739004849
Tannin,0.49,7.89002377845668
Tannin,0.5,8.0626336127483
Tannin,0.51,8.23642199786218
Tannin,0.52,8.411429632047998
Tannin,0.53,8.587698254604561
Tannin,0.54,8.765270749009574
Tannin,0.55,8.944191251150755
Tannin,0.56,9.124505263493234
Tannin,0.5700000000000001,9.306259776094976
Tannin,0.5800000000000001,9.489503395490829
Tannin,0.59,9.67428648259579
Tannin,0.6,9.860661300934453
Tannin,0.61,10.048682176692296
Tannin,0.62,10.238405672328213
Tannin,0.63,10.429890775768513
Tannin,0.64,10.623199107570713
Tannin,0.65,10.818395148890431
Tannin,0.66,11.015546493644933
Tannin,0.67,11.214724128985836
Tannin,0.68,11.416002749093991
Tannin,0.69,11.619461108479982
Tannin,0.7,11.82518242248534
Tannin,0.71,12.03325482466903
Tannin,0.72,12.243771893374173
Tannin,0.73,12.456833263292879
Tannin,0.74,12.672545342571425
Tannin,0.75,12.891022162479658
Tannin,0.76,13.11238639562714
Tannin,0.77,13.336770591238064
Tannin,0.78,13.564318693798327
Tannin,0.79,13.79518793698071
Tannin,0.8,14.029551242128491
Tannin,0.81,14.267600306013037
Tannin,0.82,14.509549646223832
Tannin,0.83,14.755642001047363
Tannin,0.84,15.006155682107305
Tannin,0.85,15.261414800604143
Tannin,0.86,15.521803817126965
Tannin,0.87,15.787788756133182
Tannin,0.88,16.059948971977292
Tannin,0.89,16.339026125252985
Tannin,0.9,16.626002190094482
Tannin,0.91,16.922228352141474
Tannin,0.9130689655172414,17.015272130037147
Tannin,0.9161379310344828,17.10943458407837
Tannin,0.9192068965517242,17.20479684597376
Tannin,0.9222758620689655,17.301451794431614
Tannin,0.925344827586207,17.399506341196798
Tannin,0.9284137931034483,17.499084262013866
Tannin,0.9314827586206896,17.600329727308008
Tannin,0.9345517241379311,17.703411739026592
Tannin,0.9376206896551724,17.80852975178334
Tannin,0.9406896551724138,17.915920857130118
Tannin,0.9437586206896552,18.025869053060887
Tannin,0.9468275862068966,18.138717327509767
Tannin,0.949896551724138,18.25488358729183
Tannin,0.9529655172413793,18.37488191453633
Tannin,0.9560344827586207,18.499351315667127
Tannin,0.959103448275862,18.629095183807976
Tannin,0.9621724137931035,18.765136363601073
Tannin,0.9652413793103448,18.90879540721187
Tannin,0.9683103448275863,19.06180409914782
Tannin,0.9713793103448276,19.226474020337037
Tannin,0.974448275862069,19.40595356520339
Tannin,0.9775172413793103,19.604631988043707
Tannin,0.9805862068965517,19.828797607864544
Tannin,0.9836551724137931,20.087756065684857
Tannin,0.9867241379310345,20.395828410028685
Tannin,0.9897931034482759,20.776148316943363
Tannin,0.9928620689655172,21.268458564915363
Tannin,0.9959310344827587,21.94680526267166
Tannin,0.999,22.965531863622004
Phenol,0.001,0.0
Phenol,0.004413793103448276,0.013826921737859266
Phenol,0.007827586206896553,0.028958501103375056
Phenol,0.011241379310344829,0.04533200941796167
Phenol,0.014655172413793105,0.06288923412705572
Phenol,0.01806896551724138,0.0815760696414145
Phenol,0.021482758620689657,0.10134215439347827
Phenol,0.024896551724137933,0.1221405478112274
Phenol,0.02831034482758621,0.14392744191513884
Phenol,0.031724137931034485,0.1666619030676202
Phenol,0.03513793103448276,0.19030564008221518
Phenol,0.03855172413793104,0.2148227954514823
Phenol,0.04196551724137931,0.24017975692993332
Phenol,0.04537931034482759,0.26634498708654064
Phenol,0.048793103448275865,0.2932888687761306
Phenol,0.05220689655172414,0.3209835647471664
Phenol,0.05562068965517242,0.3494028898422812
Phenol,0.05903448275862069,0.37852219444437196
Phenol,0.06244827586206897,0.40831825798431964
Phenol,0.06586206896551725,0.43876919148215165
Phenol,0.06927586206896552,0.4698543482090827
Phenol,0.0726896551724138,0.5015542416655308
Phenol,0.07610344827586207,0.533850470167863
Phenol,0.07951724137931035,0.5667256474140459
Phenol,0.08293103448275863,0.6001633384667002
Phenol,0.0863448275862069,0.6341480006561824
Phenol,0.08975862068965518,0.6686649289592879
Phenol,0.09317241379310345,0.7037002054521508
Phenol,0.09658620689655173,0.7392406524861599
Phenol,0.1,0.7752737892583355
Phenol,0.11,0.8835518265423161
Phenol,0.12,0.9956911654992382
Phenol,0.13,1.1114623026932122
Phenol,0.14,1.2306687072765499
Phenol,0.15,1.3531420878219933
Phenol,0.16,1.4787384854840866
Phenol,0.16999999999999998,1.6073350313113224
Phenol,0.18,1.7388272415141728
Phenol,0.19,1.8731267516220669
Phenol,0.2,2.0101594111454233
Phenol,0.21000000000000002,2.149863676259315
Phenol,0.22,2.2921892503763956
Phenol,0.22999999999999998,2.437095932148395
Phenol,0.24,2.584552638052969
Phenol,0.25,2.734536572788329
Phenol,0.26,2.887032525547056
Phenol,0.27,3.0420322741400696
Phenol,0.28,3.1995340821198397
Phenol,0.29,3.3595422766247793
Phenol,0.3,3.522066896803608
Phenol,0.31,3.6871234044206176
Phenol,0.32,3.8547324497212685
Phenol,0.33,4.024919686858084
Phenol,0.34,4.197715634217161
Phenol,0.35,4.373155575887381
Phenol,0.36,4.551279501270642
Phenol,0.37,4.732132080524934
Phenol,0.38,4.9157626741163085
Phenol,0.39,5.102225375320927
Phenol,0.39999999999999997,5.291579085005651
Phenol,0.41,5.483887618503218
Phenol,0.42,5.679219844850877
Phenol,0.43,5.877649859121902
Phenol,0.44,6.079257189035047
Phenol,0.45,6.2841270375083695
Phenol,0.46,6.492350563325431
Phenol,0.47,6.704025202632806
Phenol,0.48,6.919255034578555
Phenol,0.49,7.138151195078308
Phenol,0.5,7.360832343438801
Phenol,0.51,7.587425187435201
Phenol,0.52,7.818065073421849
Phenol,0.53,8.052896649209856
Phenol,0.54,8.292074608782741
Phenol,0.55,8.535764529501307
Phenol,0.56,8.784143814327535
Phenol,0.5700000000000001,9.037402753811875
Phenol,0.5800000000000001,9.295745725257234
Phenol,0.59,9.559392549685072
Phenol,0.6,9.828580031084698
Phenol,0.61,10.10356370714851
Phenol,0.62,10.384619846436863
Phenol,0.63,10.67204773396952
Phenol,0.64,10.966172295957449
Phenol,0.65,11.267347125200217
Phenol,0.66,11.57595798217983
Phenol,0.67,11.892426863854325
Phenol,0.68,12.217216753615617
Phenol,0.69,12.550837193203506
Phenol,0.7,12.893850852414403
Phenol,0.71,13.246881317723705
Phenol,0.72,13.610622379915753
Phenol,0.73,13.985849178283615
Phenol,0.74,14.373431661622249
Phenol,0.75,14.774350963601023
Phenol,0.76,15.18971947579314
Phenol,0.77,15.620805655355525
Phenol,0.78,16.069064955153976
Phenol,0.79,16.536178755215474
Phenol,0.8,17.024103871267016
Phenol,0.81,17.535136219520837
Phenol,0.82,18.071993684771883
Phenol,0.83,18.637925423617844
Phenol,0.84,19.23685814831515
Phenol,0.85,19.873595068096165
Phenol,0.86,20.55409129485031
Phenol,0.87,21.285842733263394
Phenol,0.88,22.078447569385844
Phenol,0.89,22.94443761706998
Phenol,0.9,23.900545079020958
Phenol,0.91,24.96969776657386
Phenol,0.9130689655172414,25.325146888589643
Phenol,0.9161379310344828,25.69536155770345
Phenol,0.9192068965517242,26.081661351334787
Phenol,0.9222758620689655,26.485539332253325
Phenol,0.925344827586207,26.90869199496842
Phenol,0.9284137931034483,27.353055661665962
Phenol,0.9314827586206896,27.820851010212095
Phenol,0.9345517241379311,28.314637937994462
Phenol,0.9376206896551724,28.837383675713227
Phenol,0.9406896551724138,29.39254804409677
Phenol,0.9437586206896552,29.984191111735527
Phenol,0.9468275862068966,30.617110441127352
Phenol,0.949896551724138,31.297017873907407
Phenol,0.9529655172413793,32.030769827407426
Phenol,0.9560344827586207,32.82667102329958
Phenol,0.959103448275862,33.694880530865134
Phenol,0.9621724137931035,34.64796278225833
Phenol,0.9652413793103448,35.701647865037216
Phenol,0.9683103448275863,36.8759002685523
Phenol,0.9713793103448276,38.196453008017215
Phenol,0.974448275862069,39.697062711392846
Phenol,0.9775172413793103,41.42291591235437
Phenol,0.9805862068965517,43.435938876124965
Phenol,0.9836551724137931,45.823386142394725
Phenol,0.9867241379310345,48.7123569908797
Phenol,0.9897931034482759,52.295676758918376
Phenol,0.9928620689655172,56.88120699946876
Phenol,0.9959310344827587,62.994146008085636
Phenol,0.999,71.61494368789761
Flavonoid,0.001,0.0
Flavonoid,0.004413793103448276,0.05486716175244055
Flavonoid,0.007827586206896553,0.10998689686141461
Flavonoid,0.011241379310344829,0.16534313788065447
Flavonoid,0.014655172413793105,0.2209216570810213
Flavonoid,0.01806896551724138,0.27670984018698164
Flavonoid,0.021482758620689657,0.33269649208682495
Flavonoid,0.024896551724137933,0.38887166941731266
Flavonoid,0.02831034482758621,0.4452265358347631
Flavonoid,0.031724137931034485,0.5017532365071702
Flavonoid,0.03513793103448276,0.5584447889491457
Flavonoid,0.03855172413793104,0.615294987803054
Flavonoid,0.04196551724137931,0.6722983215579461
Flavonoid,0.04537931034482759,0.729449899523388
Flavonoid,0.048793103448275865,0.7867453876343689
Flavonoid,0.05220689655172414,0.8441809518884611
Flavonoid,0.05562068965517242,0.9017532083935293
Flavonoid,0.05903448275862069,0.9594591791595803
Flavonoid,0.06244827586206897,1.0172962528929475
Flavonoid,0.06586206896551725,1.0752621501567319
Flavonoid,0.06927586206896552,1.1333548923573744
Flavonoid,0.0726896551724138,1.191572774080555
Flavonoid,0.07610344827586207,1.2499143383794262
Flavonoid,0.07951724137931035,1.3083783546578616
Flavonoid,0.08293103448275863,1.3669637988487011
Flavonoid,0.0863448275862069,1.4256698356217612
Flavonoid,0.08975862068965518,1.4844958023887784
Flavonoid,0.09317241379310345,1.5434411949069045
Flavonoid,0.09658620689655173,1.6025056543028313
Flavonoid,0.1,1.6616889553630472
Flavonoid,0.11,1.8357376620319883
Flavonoid,0.12,2.010808503374051
Flavonoid,0.13,2.186910837766959
Flavonoid,0.14,2.3640594383703046
Flavonoid,0.15,2.5422735086248167
Flavonoid,0.16,2.7215759332688094
Flavonoid,0.16999999999999998,2.901992707013278
Flavonoid,0.18,3.083552498594713
Flavonoid,0.19,3.2662863189805194
Flavonoid,0.2,3.4502272704684174
Flavonoid,0.21000000000000002,3.635410359203888
Flavonoid,0.22,3.8218723578899017
Flavonoid,0.22999999999999998,4.009651708625142
Flavonoid,0.24,4.198788458158219
Flavonoid,0.25,4.389324219643186
Flavonoid,0.26,4.581302156331844
Flavonoid,0.27,4.774766983691052
Flavonoid,0.28,4.969764987244503
Flavonoid,0.29,5.166344054069668
Flavonoid,0.3,5.364553716389764
Flavonoid,0.31,5.564445206095002
Flavonoid,0.32,5.766071519360366
Flavonoid,0.33,5.969487490787401
Flavonoid,0.34,6.1747498767274465
Flavonoid,0.35,6.381917447628439
Flavonoid,0.36,6.591051089416624
Flavonoid,0.37,6.802213914074514
Flavonoid,0.38,7.015471379707833
Flavonoid,0.39,7.230891420531066
Flavonoid,0.39999999999999997,7.448544587321976
Flavonoid,0.41,7.668504199027552
Flavonoid,0.42,7.890846506328671
Flavonoid,0.43,8.1156508681172
Flavonoid,0.44,8.342999941981248
Flavonoid,0.45,8.572979889960038
Flavonoid,0.46,8.805680601009499
Flavonoid,0.47,9.041195931822585
Flavonoid,0.48,9.279623967873249
Flavonoid,0.49,9.521067306820214
Flavonoid,0.5,9.765633366698125
Flavonoid,0.51,10.01343472167548
Flavonoid,0.52,10.264589468553709
Flavonoid,0.53,10.519221627655384
Flavonoid,0.54,10.777461582295246
Flavonoid,0.55,11.039446561667887
Flavonoid,0.56,11.30532117276175
Flavonoid,0.5700000000000001,11.575237987805167
Flavonoid,0.5800000000000001,11.849358194838487
Flavonoid,0.59,12.127852320309103
Flavonoid,0.6,12.410901034147741
Flavonoid,0.61,12.698696049686987
Flavonoid,0.62,12.991441133096941
Flavonoid,0.63,13.289353239842626
Flavonoid,0.64,13.592663799161414
Flavonoid,0.65,13.901620171878221
Flavonoid,0.66,14.216487312274921
Flavonoid,0.67,14.537549671488932
Flavonoid,0.68,14.865113388473787
Flavonoid,0.69,15.199508825435146
Flavonoid,0.7,15.541093518614389
Flavonoid,0.71,15.890255633333254
Flavonoid,0.72,16.24741803573818
Flavonoid,0.73,16.613043124617775
Flavonoid,0.74,16.987638607746703
Flavonoid,0.75,17.37176446228682
Flavonoid,0.76,17.766041393452383
Flavonoid,0.77,18.17116120797982
Flavonoid,0.78,18.5878996609689
Flavonoid,0.79,19.017132534288862
Flavonoid,0.8,19.459855989312132
Flavonoid,0.81,19.917212648555505
Flavonoid,0.82,20.390525466583654
Flavonoid,0.83,20.881342357605263
Flavonoid,0.84,21.39149593204195
Flavonoid,0.85,21.923184854205488
Flavonoid,0.86,22.479086782014974
Flavonoid,0.87,23.062518502423586
Flavonoid,0.88,23.67766841612729
Flavonoid,0.89,24.329943164080078
Flavonoid,0.9,25.026500315518206
Flavonoid,0.91,25.777095980576064
Flavonoid,0.9130689655172414,26.02026725770213
Flavonoid,0.9161379310344828,26.27027756667576
Flavonoid,0.9192068965517242,26.52768819385517
Flavonoid,0.9222758620689655,26.793135096700325
Flavonoid,0.925344827586207,27.067342187673376
Flavonoid,0.9284137931034483,27.35113757074373
Flavonoid,0.9314827586206896,27.645473524679687
Flavonoid,0.9345517241379311,27.9514512807624
Flavonoid,0.9376206896551724,28.270351990692575
Flavonoid,0.9406896551724138,28.60367576416229
Flavonoid,0.9437586206896552,28.953191336183977
Flavonoid,0.9468275862068966,29.320999894901547
Flavonoid,0.949896551724138,29.709618005376342
Flavonoid,0.9529655172413793,30.12208663048932
Flavonoid,0.9560344827586207,30.56211634095655
Flavonoid,0.959103448275862,31.034283520377926
Flavonoid,0.9621724137931035,31.544299713332066
Flavonoid,0.9652413793103448,32.09938796939002
Flavonoid,0.9683103448275863,32.70881918614327
Flavonoid,0.9713793103448276,33.38469371004828
Flavonoid,0.974448275862069,34.143109597475586
Flavonoid,0.9775172413793103,35.005960385655385
Flavonoid,0.9805862068965517,36.003796594423534
Flavonoid,0.9836551724137931,37.18056474027344
Flavonoid,0.9867241379310345,38.60183636252566
Flavonoid,0.9897931034482759,40.36994423926649
Flavonoid,0.9928620689655172,42.653892935000954
Flavonoid,0.9959310344827587,45.75416543725646
Flavonoid,0.999,50.26157714366582
Antioxidant,0.001,2.5289795496571514
Antioxidant,0.004413793103448276,2.463125376617427
Antioxidant,0.007827586206896553,2.3991724914559427
Antioxidant,0.011241379310344829,2.3370322220887374
Antioxidant,0.014655172413793105,2.2766223670563477
Antioxidant,0.01806896551724138,2.2178665716035084
Antioxidant,0.021482758620689657,2.160693778390055
Antioxidant,0.024896551724137933,2.1050377422191104
Antioxidant,0.02831034482758621,2.0508365999025955
Antioxidant,0.031724137931034485,1.9980324878047213
Antioxidant,0.03513793103448276,1.946571200770677
Antioxidant,0.03855172413793104,1.8964018871013195
Antioxidant,0.04196551724137931,1.8474767750392402
Antioxidant,0.04537931034482759,1.7997509268815293
Antioxidant,0.048793103448275865,1.753182017396739
Antioxidant,0.05220689655172414,1.7077301336829578
Antioxidant,0.05562068965517242,1.6633575939914635
Antioxidant,0.05903448275862069,1.6200287833794391
Antioxidant,0.06244827586206897,1.5777100043254677
Antioxidant,0.06586206896551725,1.5363693406873153
Antioxidant,0.06927586206896552,1.4959765335842121
Antioxidant,0.0726896551724138,1.456502867955919
Antioxidant,0.07610344827586207,1.4179210687102568
Antioxidant,0.07951724137931035,1.380205205491734
Antioxidant,0.08293103448275863,1.3433306052210128
Antioxidant,0.0863448275862069,1.3072737716536267
Antioxidant,0.08975862068965518,1.2720123112846977
Antioxidant,0.09317241379310345,1.2375248650084814
Antioxidant,0.09658620689655173,1.2037910450011395
Antioxidant,0.1,1.1707913763506212
Antioxidant,0.11,1.078178354402553
Antioxidant,0.12,0.9912794267868321
Antioxidant,0.13,0.9097149153041073
Antioxidant,0.14,0.8331479439251552
Antioxidant,0.15,0.7612781887939946
Antioxidant,0.16,0.6938367300485879
Antioxidant,0.16999999999999998,0.6305817806751293
Antioxidant,0.18,0.5712951194253719
Antioxidant,0.19,0.5157790933634487
Antioxidant,0.2,0.4638540846131036
Antioxidant,0.21000000000000002,0.41535635792411085
Antioxidant,0.22,0.3701362226012179
Antioxidant,0.22999999999999998,0.32805645544237905
Antioxidant,0.24,0.2889909415641796
Antioxidant,0.25,0.2528234980450179
Antioxidant,0.26,0.21944685168921296
Antioxidant,0.27,0.1887617473090586
Antioxidant,0.28,0.16067616699638165
Antioxidant,0.29,0.1351046441577637
Antioxidant,0.3,0.11196765875922665
Antioxidant,0.31,0.09119110240590089
Antioxidant,0.32,0.07270580367992352
Antioxidant,0.33,0.05644710562069122
Antioxidant,0.34,0.04235448845884093
Antioxidant,0.35,0.030371231724188874
Antioxidant,0.36,0.020444110684707084
Antioxidant,0.37,0.01252312278518275
Antioxidant,0.38,0.006561240336964147
Antioxidant,0.39,0.002514186209168656
Antioxidant,0.39999999999999997,0.00034022968497993133
Antioxidant,0.41,0.0
Antioxidant,0.42,0.0014563153711151244
Antioxidant,0.43,0.004674025573649487
Antioxidant,0.44,0.009619866333650862
Antioxidant,0.45,0.016262323970636317
Antioxidant,0.46,0.024571508870508296
Antioxidant,0.47,0.03451903648476673
Antioxidant,0.48,0.046077914641387
Antioxidant,0.49,0.059222436019695124
Antioxidant,0.5,0.07392807469568652
Antioxidant,0.51,0.09017138568458449
Antioxidant,0.52,0.10792990641914457
Antioxidant,0.53,0.1271820590926609
Antioxidant,0.54,0.1479070527550448
Antioxidant,0.55,0.1700847839990729
Antioxidant,0.56,0.1936957349930708
Antioxidant,0.5700000000000001,0.21872086750124708
Antioxidant,0.5800000000000001,0.24514151139078422
Antioxidant,0.59,0.27293924595062435
Antioxidant,0.6,0.3020957721059858
Antioxidant,0.61,0.3325927733417302
Antioxidant,0.62,0.36441176279288356
Antioxidant,0.63,0.3975339135321292
Antioxidant,0.64,0.4319398685524902
Antioxidant,0.65,0.46760952628631003
Antioxidant,0.66,0.5045217966938935
Antioxidant,0.67,0.5426543219388122
Antioxidant,0.68,0.5819831544189356
Antioxidant,0.69,0.6224823833357505
Antioxidant,0.7,0.6641236990061543
Antioxidant,0.71,0.7068758816021727
Antioxidant,0.72,0.7507041977955851
Antioxidant,0.73,0.7955696846732963
Antioxidant,0.74,0.8414282949605649
Antioxidant,0.75,0.8882298706535039
Antioxidant,0.76,0.9359169030484509
Antioxidant,0.77,0.9844230250505461
Antioxidant,0.78,1.0336711654440478
Antioxidant,0.79,1.0835712728586486
Antioxidant,0.8,1.134017487099868
Antioxidant,0.81,1.1848845938102386
Antioxidant,0.82,1.2360235397754877
Antioxidant,0.83,1.2872557024787739
Antioxidant,0.84,1.3383654860401748
Antioxidant,0.85,1.3890906362345277
Antioxidant,0.86,1.4391093968789619
Antioxidant,0.87,1.4880232132341007
Antioxidant,0.88,1.535333030058041
Antioxidant,0.89,1.580406163320049
Antioxidant,0.9,1.6224289333367778
Antioxidant,0.91,1.6603371338601391
Antioxidant,0.9130689655172414,1.670938934137098
Antioxidant,0.9161379310344828,1.68097358929424
Antioxidant,0.9192068965517242,1.690386542196734
Antioxidant,0.9222758620689655,1.6991174785539442
Antioxidant,0.925344827586207,1.707099528161848
Antioxidant,0.9284137931034483,1.7142583248383971
Antioxidant,0.9314827586206896,1.7205108941298022
Antioxidant,0.9345517241379311,1.7257643297027698
Antioxidant,0.9376206896551724,1.7299142086266102
Antioxidant,0.9406896551724138,1.732842681546913
Antioxidant,0.9437586206896552,1.7344161547617887
Antioxidant,0.9468275862068966,1.7344824555044625
Antioxidant,0.949896551724138,1.732867336580398
Antioxidant,0.9529655172413793,1.7293701277703803
Antioxidant,0.9560344827586207,1.7237582730144823
Antioxidant,0.959103448275862,1.7157603949452778
Antioxidant,0.9621724137931035,1.705057387388024
Antioxidant,0.9652413793103448,1.6912708291331455
Antioxidant,0.9683103448275863,1.6739477018477373
Antioxidant,0.9713793103448276,1.6525399211989225
Antioxidant,0.974448275862069,1.6263764524053386
Antioxidant,0.9775172413793103,1.5946246083386768
Antioxidant,0.9805862068965517,1.5562352253353993
Antioxidant,0.9836551724137931,1.5098632729813062
Antioxidant,0.9867241379310345,1.453750244047228
Antioxidant,0.9897931034482759,1.3855462327189798
Antioxidant,0.9928620689655172,1.3020376675102625
Antioxidant,0.9959310344827587,1.198740875463045
Antioxidant,0.999,1.0694034538240658
Seed_Length,0.001,3.9952228030418553
Seed_Length,0.004413793103448276,3.8005498903691546
Seed_Length,0.007827586206896553,3.616725201115827
Seed_Length,0.011241379310344829,3.442911338973147
Seed_Length,0.014655172413793105,3.278357475091383
Seed_Length,0.01806896551724138,3.1223883731776425
Seed_Length,0.021482758620689657,2.974395048977584
Seed_Length,0.024896551724137933,2.833826786552862
Seed_Length,0.02831034482758621,2.700184286421745
Seed_Length,0.031724137931034485,2.573013762306033
Seed_Length,0.03513793103448276,2.4519018364046588
Seed_Length,0.03855172413793104,2.3364711096830035
Seed_Length,0.04196551724137931,2.2263763050531225
Seed_Length,0.04537931034482759,2.1213008986270836
Seed_Length,0.048793103448275865,2.0209541682981467
Seed_Length,0.05220689655172414,1.925068600402625
Seed_Length,0.05562068965517242,1.833397604650969
Seed_Length,0.05903448275862069,1.7457134952925912
Seed_Length,0.06244827586206897,1.6618057029157285
Seed_Length,0.06586206896551725,1.5814791866297924
Seed_Length,0.06927586206896552,1.5045530208375624
Seed_Length,0.0726896551724138,1.430859134536604
Seed_Length,0.07610344827586207,1.360241184225515
Seed_Length,0.07951724137931035,1.292553544129703
Seed_Length,0.08293103448275863,1.2276603996996016
Seed_Length,0.0863448275862069,1.165434932223576
Seed_Length,0.08975862068965518,1.10575858401387
Seed_Length,0.09317241379310345,1.0485203949950517
Seed_Length,0.09658620689655173,0.9936164027028838
Seed_Length,0.1,0.9409490987090123
Seed_Length,0.11,0.7987024489966359
Seed_Length,0.12,0.6728451134470959
Seed_Length,0.13,0.5616574283917544
Seed_Length,0.14,0.46368481561040653
Seed_Length,0.15,0.37768902505371216
Seed_Length,0.16,0.30260986874137075
Seed_Length,0.16999999999999998,0.23753489687945262
Seed_Length,0.18,0.18167515319410654
Seed_Length,0.19,0.1343456312122271
Seed_Length,0.2,0.09494940031382271
Seed_Length,0.21000000000000002,0.06296462199185271
Seed_Length,0.22,0.03793386123581399
Seed_Length,0.22999999999999998,0.019455234666367005
Seed_Length,0.24,0.0071750393685476865
Seed_Length,0.25,0.0007815836669067266
Seed_Length,0.26,0.0
Seed_Length,0.27,0.004587865311549422
Seed_Length,0.28,0.014331489439314282
Seed_Length,0.29,0.029042759329428236
Seed_Length,0.3,0.04855644839685169
Seed_Length,0.31,0.07272791735499595
Seed_Length,0.32,0.10143114637480721
Seed_Length,0.33,0.13455704928310297
Seed_Length,0.34,0.17201202925897974
Seed_Length,0.35,0.21371674258966777
Seed_Length,0.36,0.259605042841514
Seed_Length,0.37,0.3096230825757118
Seed_Length,0.38,0.3637285536805166
Seed_Length,0.39,0.4218900506905072
Seed_Length,0.39999999999999997,0.48408654423406006
Seed_Length,0.41,0.5503069541062757
Seed_Length,0.42,0.6205498134945628
Seed_Length,0.43,0.6948230176470531
Seed_Length,0.44,0.7731436518397459
Seed_Length,0.45,0.8555378949086503
Seed_Length,0.46,0.9420409959127198
Seed_Length,0.47,1.0326973227197414
Seed_Length,0.48,1.1275604824946015
Seed_Length,0.49,1.2266935152497638
Seed_Length,0.5,1.3301691628252854
Seed_Length,0.51,1.4380702169312656
Seed_Length,0.52,1.550489951247215
Seed_Length,0.53,1.6675326440681886
Seed_Length,0.54,1.789314199662158
Seed_Length,0.55,1.915962878410511
Seed_Length,0.56,2.047620148005876
Seed_Length,0.5700000000000001,2.1844416705527863
Seed_Length,0.5800000000000001,2.3265984434530367
Seed_Length,0.59,2.4742781155740943
Seed_Length,0.6,2.627686504532818
Seed_Length,0.61,2.787049346172637
Seed_Length,0.62,2.9526143136833696
Seed_Length,0.63,3.124653351618008
Seed_Length,0.64,3.303465379664658
Seed_Length,0.65,3.4893794329344985
Seed_Length,0.66,3.6827583203484835
Seed_Length,0.67,3.8840029012999935
Seed_Length,0.68,4.093557104218746
Seed_Length,0.69,4.3119138404453
Seed_Length,0.7,4.539622004900139
Seed_Length,0.71,4.77729480405867
Seed_Length,0.72,5.025619715349308
Seed_Length,0.73,5.2853704652544025
Seed_Length,0.74,5.557421523053847
Seed_Length,0.75,5.842765753022434
Seed_Length,0.76,6.14253606377909
Seed_Length,0.77,6.458032159195511
Seed_Length,0.78,6.79075385958447
Seed_Length,0.79,7.142442967200026
Seed_Length,0.8,7.515136359709231
Seed_Length,0.81,7.911234005294602
Seed_Length,0.82,8.333587051551206
Seed_Length,0.83,8.7856132799659
Seed_Length,0.84,9.271450410999762
Seed_Length,0.85,9.796162601028215
Seed_Length,0.86,10.366023012322017
Seed_Length,0.87,10.988907315435597
Seed_Length,0.88,11.67485250406159
Seed_Length,0.89,12.43686813742869
Seed_Length,0.9,13.292143819942481
Seed_Length,0.91,14.263898592794021
Seed_Length,0.9130689655172414,14.590136128210332
Seed_Length,0.9161379310344828,14.931428222482538
Seed_Length,0.9192068965517242,15.289058505758419
Seed_Length,0.9222758620689655,15.664466558136638
Seed_Length,0.925344827586207,16.059272433910678
Seed_Length,0.9284137931034483,16.475305965557936
Seed_Length,0.9314827586206896,16.914641971458906
Seed_Length,0.9345517241379311,17.379642804328512
Seed_Length,0.9376206896551724,17.873010092167306
Seed_Length,0.9406896551724138,18.397848078462204
Seed_Length,0.9437586206896552,18.957741718209235
Seed_Length,0.9468275862068966,19.556853710541617
Seed_Length,0.949896551724138,20.20004606410083
Seed_Length,0.9529655172413793,20.89303377195924
Seed_Length,0.9560344827586207,21.642580982916115
Seed_Length,0.959103448275862,22.45675410264866
Seed_Length,0.9621724137931035,23.345252182170384
Seed_Length,0.9652413793103448,24.319843781750336
Seed_Length,0.9683103448275863,25.39495292990702
Seed_Length,0.9713793103448276,26.588457692546456
Seed_Length,0.974448275862069,27.922798215487603
Seed_Length,0.9775172413793103,29.426545905490116
Seed_Length,0.9805862068965517,31.136678586486013
Seed_Length,0.9836551724137931,33.101971380415776
Seed_Length,0.9867241379310345,35.388219554483584
Seed_Length,0.9897931034482759,38.08661501752573
Seed_Length,0.9928620689655172,41.32789273298536
Seed_Length,0.9959310344827587,45.30794734159923
Seed_Length,0.999,50.33921089157661
Seed_Width,0.001,0.3067640099235973
Seed_Width,0.004413793103448276,0.28517980172301804
Seed_Width,0.007827586206896553,0.26453566122026473
Seed_Width,0.011241379310344829,0.24481007600536486
Seed_Width,0.014655172413793105,0.2259823066208071
Seed_Width,0.01806896551724138,0.20803237761211335
Seed_Width,0.021482758620689657,0.19094106490805984
Seed_Width,0.024896551724137933,0.17468988033090227
Seed_Width,0.02831034482758621,0.1592610539163104
Seed_Width,0.031724137931034485,0.14463751461065044
Seed_Width,0.03513793103448276,0.13080286982034295
Seed_Width,0.03855172413793104,0.1177413842050612
Seed_Width,0.04196551724137931,0.10543795803465628
Seed_Width,0.04537931034482759,0.09387810537083396
Seed_Width,0.048793103448275865,0.08304793228518292
Seed_Width,0.05220689655172414,0.07293411528019078
Seed_Width,0.05562068965517242,0.0635238800466027
Seed_Width,0.05903448275862069,0.054804980660208
Seed_Width,0.06244827586206897,0.04676567929638509
Seed_Width,0.06586206896551725,0.03939472652132281
Seed_Width,0.06927586206896552,0.0326813422014709
Seed_Width,0.0726896551724138,0.026615197059612683
Seed_Width,0.07610344827586207,0.02118639489464158
Seed_Width,0.07951724137931035,0.016385455473454158
Seed_Width,0.08293103448275863,0.012203298096125081
Seed_Width,0.0863448275862069,0.008631225829248024
Seed_Width,0.08975862068965518,0.005660910398830765
Seed_Width,0.09317241379310345,0.00328437772907364
Seed_Width,0.09658620689655173,0.0014939941127067868
Seed_Width,0.1,0.00028245299481000075
Seed_Width,0.11,0.0
Seed_Width,0.12,0.0044647506435353534
Seed_Width,0.13,0.013535306930549496
Seed_Width,0.14,0.027088156564758492
Seed_Width,0.15,0.04501588524638578
Seed_Width,0.16,0.06722562994758619
Seed_Width,0.16999999999999998,0.09363774249121093
Seed_Width,0.18,0.1241846363788568
Seed_Width,0.19,0.15880979329881484
Seed_Width,0.2,0.19746690896397467
Seed_Width,0.21000000000000002,0.24011916081201434
Seed_Width,0.22,0.28673858264690466
Seed_Width,0.22999999999999998,0.3373055335249262
Seed_Width,0.24,0.3918082501194817
Seed_Width,0.25,0.45024247347180335
Seed_Width,0.26,0.5126111424828252
Seed_Width,0.27,0.578924147756851
Seed_Width,0.28,0.6491981405006868
Seed_Width,0.29,0.7234563921375923
Seed_Width,0.3,0.8017287011383303
Seed_Width,0.31,0.8840513443219891
Seed_Width,0.32,0.970467070552985
Seed_Width,0.33,1.0610251353780598
Seed_Width,0.34,1.1557813757167992
Seed_Width,0.35,1.2547983242584735
Seed_Width,0.36,1.3581453637362983
Seed_Width,0.37,1.465898921758253
Seed_Width,0.38,1.5781427073850693
Seed_Width,0.39,1.6949679911658961
Seed_Width,0.39999999999999997,1.8164739308855928
Seed_Width,0.41,1.942767945857156
Seed_Width,0.42,2.073966143212658
Seed_Width,0.43,2.2101938003273744
Seed_Width,0.44,2.351585908266941
Seed_Width,0.45,2.498287781990939
Seed_Width,0.46,2.6504557439981227
Seed_Width,0.47,2.808257889185171
Seed_Width,0.48,2.9718749399329454
Seed_Width,0.49,3.1415012018685786
Seed_Width,0.5,3.3173456324105643
Seed_Width,0.51,3.4996330361408354
Seed_Width,0.52,3.6886054033078324
Seed_Width,0.53,3.8845234104230144
Seed_Width,0.54,4.08766810504676
Seed_Width,0.55,4.298342800569543
Seed_Width,0.56,4.5168752112052175
Seed_Width,0.5700000000000001,4.743619862675672
Seed_Width,0.5800000000000001,4.978960820371356
Seed_Width,0.59,5.223314784356148
Seed_Width,0.6,5.477134609746827
Seed_Width,0.61,5.740913322108554
Seed_Width,0.62,6.015188711049916
Seed_Width,0.63,6.300548601773983
Seed_Width,0.64,6.5976369247248385
Seed_Width,0.65,6.907160728668117
Seed_Width,0.66,7.229898313848025
Seed_Width,0.67,7.56670870097912
Seed_Width,0.68,7.918542700977611
Seed_Width,0.69,8.28645591246621
Seed_Width,0.7,8.671624053129563
Seed_Width,0.71,9.075361132229006
Seed_Width,0.72,9.4991411021673
Seed_Width,0.73,9.944623796690621
Seed_Width,0.74,10.413686185618502
Seed_Width,0.75,10.908460269673526
Seed_Width,0.76,11.431379330476233
Seed_Width,0.77,11.985234777692625
Seed_Width,0.78,12.573246551852321
Seed_Width,0.79,13.19915102652854
Seed_Width,0.8,13.867311724282729
Seed_Width,0.81,14.582860092449351
Seed_Width,0.82,15.351876345026568
Seed_Width,0.83,16.181624380755352
Seed_Width,0.84,17.080860691255964
Seed_Width,0.85,18.060246036122606
Seed_Width,0.86,19.132902232747796
Seed_Width,0.87,20.315177646616633
Seed_Width,0.88,21.627719021267183
Seed_Width,0.89,23.09700339354339
Seed_Width,0.9,24.757579158708182
Seed_Width,0.91,26.65543303670421
Seed_Width,0.9130689655172414,27.294550310503098
Seed_Width,0.9161379310344828,27.96395409830535
Seed_Width,0.9192068965517242,28.66610086053828
Seed_Width,0.9222758620689655,29.40372719679334
Seed_Width,0.925344827586207,30.17989128436895
Seed_Width,0.9284137931034483,30.998021943832526
Seed_Width,0.9314827586206896,31.861977032257528
Seed_Width,0.9345517241379311,32.7761133156325
Seed_Width,0.9376206896551724,33.745370562920755
Seed_Width,0.9406896551724138,34.775373385930266
Seed_Width,0.9437586206896552,35.87255539307944
Seed_Width,0.9468275862068966,37.044311633856154
Seed_Width,0.949896551724138,38.29918723316885
Seed_Width,0.9529655172413793,39.64711277031404
Seed_Width,0.9560344827586207,41.09970067443311
Seed_Width,0.959103448275862,42.67062218748558
Seed_Width,0.9621724137931035,44.37609206383064
Seed_Width,0.9652413793103448,46.23549936447489
Seed_Width,0.9683103448275863,48.272239464351884
Seed_Width,0.9713793103448276,50.51482805846862
Seed_Width,0.974448275862069,52.998418261432164
Seed_Width,0.9775172413793103,55.76690705223896
Seed_Width,0.9805862068965517,58.875926254024876
Seed_Width,0.9836551724137931,62.39720283135034
Seed_Width,0.9867241379310345,66.42511978567254
Seed_Width,0.9897931034482759,71.08698229832191
Seed_Width,0.9928620689655172,76.55991159949548
Seed_Width,0.9959310344827587,83.1006207800632
Seed_Width,0.999,91.10350660482173
Seed_Thickness,0.001,1.7253542953657757
Seed_Thickness,0.004413793103448276,1.64319547332326
Seed_Thickness,0.007827586206896553,1.564428916293366
Seed_Thickness,0.011241379310344829,1.4888741037424609
Seed_Thickness,0.014655172413793105,1.41636656812085
Seed_Thickness,0.01806896551724138,1.346755978678118
Seed_Thickness,0.021482758620689657,1.2799045074935123
Seed_Thickness,0.024896551724137933,1.2156854292574337
Seed_Thickness,0.02831034482758621,1.1539819157258648
Seed_Thickness,0.031724137931034485,1.0946859931473227
Seed_Thickness,0.03513793103448276,1.0376976368038129
Seed_Thickness,0.03855172413793104,0.9829239814553716
Seed_Thickness,0.04196551724137931,0.930278630202622
Seed_Thickness,0.04537931034482759,0.8796810472793481
Seed_Thickness,0.048793103448275865,0.8310560227169788
Seed_Thickness,0.05220689655172414,0.7843331987960767
Seed_Thickness,0.05562068965517242,0.7394466498183192
Seed_Thickness,0.05903448275862069,0.6963345080571628
Seed_Thickness,0.06244827586206897,0.6549386298429738
Seed_Thickness,0.06586206896551725,0.6152042966438955
Seed_Thickness,0.06927586206896552,0.5770799467618133
Seed_Thickness,0.0726896551724138,0.5405169338897906
Seed_Thickness,0.07610344827586207,0.5054693093134972
Seed_Thickness,0.07951724137931035,0.47189362497562115
Seed_Thickness,0.08293103448275863,0.4397487550076846
Seed_Thickness,0.0863448275862069,0.4089957336465204
Seed_Thickness,0.08975862068965518,0.3795976077271348
Seed_Thickness,0.09317241379310345,0.3515193021733012
Seed_Thickness,0.09658620689655173,0.32472749710819926
Seed_Thickness,0.1,0.29919051537348196
Seed_Thickness,0.11,0.23132828792734017
Seed_Thickness,0.12,0.1732924558704667
Seed_Thickness,0.13,0.12448234719724383
Seed_Thickness,0.14,0.08437285446362353
Seed_Thickness,0.15,0.05250326231623603
Seed_Thickness,0.16,0.028468197379481808
Seed_Thickness,0.16999999999999998,0.011910228702618042
Seed_Thickness,0.18,0.002513767360625252
Seed_Thickness,0.19,0.0
Seed_Thickness,0.2,0.004122653753512395
Seed_Thickness,0.21000000000000002,0.014664436071001319
Seed_Thickness,0.22,0.031434027417503785
Seed_Thickness,0.22999999999999998,0.05426353074633994
Seed_Thickness,0.24,0.08300630146442245
Seed_Thickness,0.25,0.11753509687449082
Seed_Thickness,0.26,0.15774049596404893
Seed_Thickness,0.27,0.2035295497547338
Seed_Thickness,0.28,0.2548246298303809
Seed_Thickness,0.29,0.3115624485906494
Seed_Thickness,0.3,0.3736932295580857
Seed_Thickness,0.31,0.4411800099670984
Seed_Thickness,0.32,0.513998061061784
Seed_Thickness,0.33,0.5921344141953568
Seed_Thickness,0.34,0.6755874830518565
Seed_Thickness,0.35,0.7643667742140678
Seed_Thickness,0.36,0.8584926799311745
Seed_Thickness,0.37,0.957996348373257
Seed_Thickness,0.38,1.062919627930171
Seed_Thickness,0.39,1.1733150832696424
Seed_Thickness,0.39999999999999997,1.2892460819381597
Seed_Thickness,0.41,1.4107869513099445
Seed_Thickness,0.42,1.5380232066758026
Seed_Thickness,0.43,1.6710518522525604
Seed_Thickness,0.44,1.8099817579030741
Seed_Thickness,0.45,1.954934115409543
Seed_Thickness,0.46,2.106042979268153
Seed_Thickness,0.47,2.2634558981951045
Seed_Thickness,0.48,2.4273346448838993
Seed_Thickness,0.49,2.597856053065641
Seed_Thickness,0.5,2.7752129726352166
Seed_Thickness,0.51,2.959615355568502
Seed_Thickness,0.52,3.151291487614259
Seed_Thickness,0.53,3.350489383379511
Seed_Thickness,0.54,3.5574783655002307
Seed_Thickness,0.55,3.7725508522200357
Seed_Thickness,0.56,3.996024381984313
Seed_Thickness,0.5700000000000001,4.228243908766615
Seed_Thickness,0.5800000000000001,4.469584407942023
Seed_Thickness,0.59,4.720453839852951
Seed_Thickness,0.6,4.981296527055889
Seed_Thickness,0.61,5.25259701195634
Seed_Thickness,0.62,5.5348844746003465
Seed_Thickness,0.63,5.828737806371635
Seed_Thickness,0.64,6.134791455005399
Seed_Thickness,0.65,6.453742180639665
Seed_Thickness,0.66,6.78635689284323
Seed_Thickness,0.67,7.133481776338471
Seed_Thickness,0.68,7.496052960637201
Seed_Thickness,0.69,7.875109048909508
Seed_Thickness,0.7,8.271805897930932
Seed_Thickness,0.71,8.687434139073588
Seed_Thickness,0.72,9.123440057008253
Seed_Thickness,0.73,9.581450607650822
Seed_Thickness,0.74,10.063303573151984
Seed_Thickness,0.75,10.57108413786139
Seed_Thickness,0.76,11.107169551238485
Seed_Thickness,0.77,11.67428405878701
Seed_Thickness,0.78,12.275566983883067
Seed_Thickness,0.79,12.914657810280204
Seed_Thickness,0.8,13.595803463415848
Seed_Thickness,0.81,14.323994893480233
Seed_Thickness,0.82,15.105142792392172
Seed_Thickness,0.83,15.94630624739139
Seed_Thickness,0.84,16.85599400781112
Seed_Thickness,0.85,17.844566891514546
Seed_Thickness,0.86,18.924783462659605
Seed_Thickness,0.87,20.11255249973607
Seed_Thickness,0.88,21.427990239228848
Seed_Thickness,0.89,22.89693749375897
Seed_Thickness,0.9,24.553189414456313
Seed_Thickness,0.91,26.44186381184906
Seed_Thickness,0.9130689655172414,27.077044558005326
Seed_Thickness,0.9161379310344828,27.741937055310473
Seed_Thickness,0.9192068965517242,28.438970505507626
Seed_Thickness,0.9222758620689655,29.170855709634083
Seed_Thickness,0.925344827586207,29.9406275372329
Seed_Thickness,0.9284137931034483,30.751695381398577
Seed_Thickness,0.9314827586206896,31.607903422710166
Seed_Thickness,0.9345517241379311,32.51360302114111
Seed_Thickness,0.9376206896551724,33.473740209816384
Seed_Thickness,0.9406896551724138,34.493962137167046
Seed_Thickness,0.9437586206896552,35.58074747927694
Seed_Thickness,0.9468275862068966,36.741567444816184
Seed_Thickness,0.949896551724138,37.985086201650375
Seed_Thickness,0.9529655172413793,39.3214126373465
Seed_Thickness,0.9560344827586207,40.762419736933225
Seed_Thickness,0.959103448275862,42.322154159228404
Seed_Thickness,0.9621724137931035,44.01736783108635
Seed_Thickness,0.9652413793103448,45.86821720331548
Seed_Thickness,0.9683103448275863,47.89919697124452
Seed_Thickness,0.9713793103448276,50.140408288964835
Seed_Thickness,0.974448275862069,52.62931523899343
Seed_Thickness,0.9775172413793103,55.41323323961129
Seed_Thickness,0.9805862068965517,58.552949745927776
Seed_Thickness,0.9836551724137931,62.12816409470392
Seed_Thickness,0.9867241379310345,66.2459890288311
Seed_Thickness,0.9897931034482759,71.05491636138015
Seed_Thickness,0.9928620689655172,76.76930833862403
Seed_Thickness,0.9959310344827587,83.71637112438833
Seed_Thickness,0.999,92.43871210944816
Mass_of_Seeds,0.001,2.2060340823352362
Mass_of_Seeds,0.004413793103448276,2.114536858966062
Mass_of_Seeds,0.007827586206896553,2.026463408308018
Mass_of_Seeds,0.011241379310344829,1.9416467410762834
Mass_of_Seeds,0.014655172413793105,1.8599327979071631
Mass_of_Seeds,0.01806896551724138,1.7811790830019163
Mass_of_Seeds,0.021482758620689657,1.7052534835274855
Mass_of_Seeds,0.024896551724137933,1.6320332442517156
Mass_of_Seeds,0.02831034482758621,1.5614040726813982
Mass_of_Seeds,0.031724137931034485,1.4932593545324835
Mass_of_Seeds,0.03513793103448276,1.4274994629781759
Mass_of_Seeds,0.03855172413793104,1.3640311480088485
Mass_of_Seeds,0.04196551724137931,1.302766994562944
Mass_of_Seeds,0.04537931034482759,1.2436249399612507
Mass_of_Seeds,0.048793103448275865,1.1865278427039812
Mass_of_Seeds,0.05220689655172414,1.1314030959379124
Mass_of_Seeds,0.05562068965517242,1.078182279926068
Mass_of_Seeds,0.05903448275862069,1.026800848699395
Mass_of_Seeds,0.06244827586206897,0.9771978467679219
Mass_of_Seeds,0.06586206896551725,0.9293156523634707
Mass_of_Seeds,0.06927586206896552,0.8830997441673389
Mass_of_Seeds,0.0726896551724138,0.8384984888964482
Mass_of_Seeds,0.07610344827586207,0.7954629474633066
Mass_of_Seeds,0.07951724137931035,0.7539466977290203
Mass_of_Seeds,0.08293103448275863,0.7139056721098314
Mass_of_Seeds,0.0863448275862069,0.6752980085219633
Mass_of_Seeds,0.08975862068965518,0.638083913328046
Mass_of_Seeds,0.09317241379310345,0.6022255351102785
Mass_of_Seeds,0.09658620689655173,0.567686848227595
Mass_of_Seeds,0.1,0.5344335452394944
Mass_of_Seeds,0.11,0.44412007854884905
Mass_of_Seeds,0.12,0.36381375377027325
Mass_of_Seeds,0.13,0.292860013359018
Mass_of_Seeds,0.14,0.2306858868728341
Mass_of_Seeds,0.15,0.1767884894125018
Mass_of_Seeds,0.16,0.1307255397375684
Mass_of_Seeds,0.16999999999999998,0.09210748658824741
Mass_of_Seeds,0.18,0.06059092835539559
Mass_of_Seeds,0.19,0.03587308231408315
Mass_of_Seeds,0.2,0.017687112690396134
Mass_of_Seeds,0.21000000000000002,0.005798166907993618
Mass_of_Seeds,0.22,0.0
Mass_of_Seeds,0.22999999999999998,0.00011209085050722933
Mass_of_Seeds,0.24,0.005977172383154539
Mass_of_Seeds,0.25,0.017459112362189444
Mass_of_Seeds,0.26,0.034441093005057155
Mass_of_Seeds,0.27,0.05682404684341691
Mass_of_Seeds,0.28,0.0845253137134705
Mass_of_Seeds,0.29,0.11747748981531458
Mass_of_Seeds,0.3,0.1556274447236774
Mass_of_Seeds,0.31,0.19893548632433067
Mass_of_Seeds,0.32,0.24737465703776707
Mass_of_Seeds,0.33,0.30093014753822445
Mass_of_Seeds,0.34,0.3595988165744757
Mass_of_Seeds,0.35,0.42338880755460195
Mass_of_Seeds,0.36,0.49231925431615764
Mass_of_Seeds,0.37,0.5664200700601896
Mass_of_Seeds,0.38,0.6457318147889737
Mass_of_Seeds,0.39,0.7303056378231076
Mass_of_Seeds,0.39999999999999997,0.8202032931123995
Mass_of_Seeds,0.41,0.9154972261093235
Mass_of_Seeds,0.42,1.0162707319934725
Mass_of_Seeds,0.43,1.1226181860390625
Mass_of_Seeds,0.44,1.2346453479046886
Mass_of_Seeds,0.45,1.3524697426729517
Mass_of_Seeds,0.46,1.4762211225253168
Mass_of_Seeds,0.47,1.6060420141183158
Mass_of_Seeds,0.48,1.742088357970033
Mass_of_Seeds,0.49,1.884530247579164
Mass_of_Seeds,0.5,2.0335527775654327
Mass_of_Seeds,0.51,2.1893570119070773
Mass_of_Seeds,0.52,2.3521610854072605
Mass_of_Seeds,0.53,2.522201453891853
Mass_of_Seeds,0.54,2.6997343114173873
Mass_of_Seeds,0.55,2.885037196023518
Mass_of_Seeds,0.56,3.0784108094082967
Mass_of_Seeds,0.5700000000000001,3.280181080478769
Mass_of_Seeds,0.5800000000000001,3.4907015081854524
Mass_of_Seeds,0.59,3.710355825603301
Mass_of_Seeds,0.6,3.9395610351222103
Mass_of_Seeds,0.61,4.178770874189581
Mass_of_Seeds,0.62,4.4284797827134526
Mass_of_Seeds,0.63,4.689227457517063
Mass_of_Seeds,0.64,4.961604096798965
Mass_of_Seeds,0.65,5.246256459287906
Mass_of_Seeds,0.66,5.543894889795411
Mass_of_Seeds,0.67,5.855301496663515
Mass_of_Seeds,0.68,6.181339709110489
Mass_of_Seeds,0.69,6.522965496286929
Mass_of_Seeds,0.7,6.881240598412319
Mass_of_Seeds,0.71,7.257348208317012
Mass_of_Seeds,0.72,7.652611655364126
Mass_of_Seeds,0.73,8.068516791732463
Mass_of_Seeds,0.74,8.506738975329199
Mass_of_Seeds,0.75,8.969175800878247
Mass_of_Seeds,0.76,9.457987074576408
Mass_of_Seeds,0.77,9.975643991730635
Mass_of_Seeds,0.78,10.524990109680516
Mass_of_Seeds,0.79,11.109317581221717
Mass_of_Seeds,0.8,11.73246333244299
Mass_of_Seeds,0.81,12.398931592695362
Mass_of_Seeds,0.82,13.114051657469986
Mass_of_Seeds,0.83,13.884183367882201
Mass_of_Seeds,0.84,14.716988128247294
Mass_of_Seeds,0.85,15.62179133787788
Mass_of_Seeds,0.86,16.61007451593821
Mass_of_Seeds,0.87,17.696154928329292
Mass_of_Seeds,0.88,18.898142055057406
Mass_of_Seeds,0.89,20.239312579564853
Mass_of_Seeds,0.9,21.750135263758693
Mass_of_Seeds,0.91,23.471336359599036
Mass_of_Seeds,0.9130689655172414,24.049838617197224
Mass_of_Seeds,0.9161379310344828,24.65522718843897
Mass_of_Seeds,0.9192068965517242,25.289701854280565
Mass_of_Seeds,0.9222758620689655,25.955718999766987
Mass_of_Seeds,0.925344827586207,26.65603055645181
Mass_of_Seeds,0.9284137931034483,27.3937303041248
Mass_of_Seeds,0.9314827586206896,28.17230921757971
Mass_of_Seeds,0.9345517241379311,28.99572200361399
Mass_of_Seeds,0.9376206896551724,29.86846757987439
Mass_of_Seeds,0.9406896551724138,30.795687055298572
Mass_of_Seeds,0.9437586206896552,31.783283859835024
Mass_of_Seeds,0.9468275862068966,32.83807215205968
Mass_of_Seeds,0.949896551724138,33.96796167351397
Mass_of_Seeds,0.9529655172413793,35.182190066237354
Mass_of_Seeds,0.9560344827586207,36.4916177019046
Mass_of_Seeds,0.959103448275862,37.909105870277244
Mass_of_Seeds,0.9621724137931035,39.45000766284306
Mass_of_Seeds,0.9652413793103448,41.13281355516631
Mass_of_Seeds,0.9683103448275863,42.98001301451461
Mass_of_Seeds,0.9713793103448276,45.01926367487192
Mass_of_Seeds,0.974448275862069,47.28500823376453
Mass_of_Seeds,0.9775172413793103,49.820760064243245
Mass_of_Seeds,0.9805862068965517,52.68241830716909
Mass_of_Seeds,0.9836551724137931,55.943226438905185
Mass_of_Seeds,0.9867241379310345,59.701474092533545
Mass_of_Seeds,0.9897931034482759,64.09304298372922
Mass_of_Seeds,0.9928620689655172,69.31315979582814
Mass_of_Seeds,0.9959310344827587,75.65749484518028
Mass_of_Seeds,0.999,83.61020307572858
Seed_Coat_Tannin,0.001,0.0
Seed_Coat_Tannin,0.004413793103448276,0.011448825960769682
Seed_Coat_Tannin,0.007827586206896553,0.02355913438088919
Seed_Coat_Tannin,0.011241379310344829,0.036245053875745725
Seed_Coat_Tannin,0.014655172413793105,0.04943161914411576
Seed_Coat_Tannin,0.01806896551724138,0.06305322996627183
Seed_Coat_Tannin,0.021482758620689657,0.07705235674859523
Seed_Coat_Tannin,0.024896551724137933,0.09137844844462961
Seed_Coat_Tannin,0.02831034482758621,0.10598700742843903
Seed_Coat_Tannin,0.031724137931034485,0.12083880275326919
Seed_Coat_Tannin,0.03513793103448276,0.13589919863022715
Seed_Coat_Tannin,0.03855172413793104,0.15113757925519167
Seed_Coat_Tannin,0.04196551724137931,0.16652685452493188
Seed_Coat_Tannin,0.04537931034482759,0.18204303393133614
Seed_Coat_Tannin,0.048793103448275865,0.19766485812715473
Seed_Coat_Tannin,0.05220689655172414,0.2133734794524571
Seed_Coat_Tannin,0.05562068965517242,0.2291521841592612
Seed_Coat_Tannin,0.05903448275862069,0.24498615027323467
Seed_Coat_Tannin,0.06244827586206897,0.2608622359906576
Seed_Coat_Tannin,0.06586206896551725,0.27676879433136037
Seed_Coat_Tannin,0.06927586206896552,0.29269551042114017
Seed_Coat_Tannin,0.0726896551724138,0.3086332583360445
Seed_Coat_Tannin,0.07610344827586207,0.32457397489304185
Seed_Coat_Tannin,0.07951724137931035,0.34051054817018667
Seed_Coat_Tannin,0.08293103448275863,0.3564367188474762
Seed_Coat_Tannin,0.0863448275862069,0.37234699273699334
Seed_Coat_Tannin,0.08975862068965518,0.3882365631036464
Seed_Coat_Tannin,0.09317241379310345,0.40410124156585425
Seed_Coat_Tannin,0.09658620689655173,0.4199373965304858
Seed_Coat_Tannin,0.1,0.4357418982621084
Seed_Coat_Tannin,0.11,0.48183226609728536
Seed_Coat_Tannin,0.12,0.5275813925813964
Seed_Coat_Tannin,0.13,0.5729631280757985
Seed_Coat_Tannin,0.14,0.6179683533848674
Seed_Coat_Tannin,0.15,0.6626007736264228
Seed_Coat_Tannin,0.16,0.7068737925811774
Seed_Coat_Tannin,0.16999999999999998,0.7508081760685172
Seed_Coat_Tannin,0.18,0.7944302974126458
Seed_Coat_Tannin,0.19,0.8377708163828856
Seed_Coat_Tannin,0.2,0.8808636837599124
Seed_Coat_Tannin,0.21000000000000002,0.9237453925264845
Seed_Coat_Tannin,0.22,0.9664544173136846
Seed_Coat_Tannin,0.22999999999999998,1.0090307986522475
Seed_Coat_Tannin,0.24,1.0515158394646278
Seed_Coat_Tannin,0.25,1.0939518892512297
Seed_Coat_Tannin,0.26,1.1363821973886843
Seed_Coat_Tannin,0.27,1.178850821420042
Seed_Coat_Tannin,0.28,1.2214025795898351
Seed_Coat_Tannin,0.29,1.264083039453567
Seed_Coat_Tannin,0.3,1.3069385363646688
Seed_Coat_Tannin,0.31,1.3500162171764032
Seed_Coat_Tannin,0.32,1.3933641056980832
Seed_Coat_Tannin,0.33,1.4370311874075696
Seed_Coat_Tannin,0.34,1.481067511678134
Seed_Coat_Tannin,0.35,1.5255243104270448
Seed_Coat_Tannin,0.36,1.5704541326035724
Seed_Coat_Tannin,0.37,1.615910994404885
Seed_Coat_Tannin,0.38,1.6619505455028047
Seed_Coat_Tannin,0.39,1.7086302519347782
Seed_Coat_Tannin,0.39999999999999997,1.7560095966637164
Seed_Coat_Tannin,0.41,1.804150299159005
Seed_Coat_Tannin,0.42,1.8531165556929636
Seed_Coat_Tannin,0.43,1.9029753024249203
Seed_Coat_Tannin,0.44,1.9537965037292224
Seed_Coat_Tannin,0.45,2.0056534686685836
Seed_Coat_Tannin,0.46,2.058623198984492
Seed_Coat_Tannin,0.47,2.112786772541199
Seed_Coat_Tannin,0.48,2.168229766775994
Seed_Coat_Tannin,0.49,2.2250427274375397
Seed_Coat_Tannin,0.5,2.2833216887421486
Seed_Coat_Tannin,0.51,2.3431687520582045
Seed_Coat_Tannin,0.52,2.4046927313938795
Seed_Coat_Tannin,0.53,2.468009875331859
Seed_Coat_Tannin,0.54,2.5332446766833527
Seed_Coat_Tannin,0.55,2.6005307830679385
Seed_Coat_Tannin,0.56,2.670012023942377
Seed_Coat_Tannin,0.5700000000000001,2.741843572385619
Seed_Coat_Tannin,0.5800000000000001,2.8161932632950766
Seed_Coat_Tannin,0.59,2.893243093717956
Seed_Coat_Tannin,0.6,2.9731909359592237
Seed_Coat_Tannin,0.61,3.0562525001532777
Seed_Coat_Tannin,0.62,3.142663590359689
Seed_Coat_Tannin,0.63,3.232682707365825
Seed_Coat_Tannin,0.64,3.3265940626546353
Seed_Coat_Tannin,0.65,3.424711082047679
Seed_Coat_Tannin,0.66,3.5273804951267493
Seed_Coat_Tannin,0.67,3.6349871286752204
Seed_Coat_Tannin,0.68,3.747959550448286
Seed_Coat_Tannin,0.69,3.8667767453383703
Seed_Coat_Tannin,0.7,3.9919760519130705
Seed_Coat_Tannin,0.71,4.124162646633977
Seed_Coat_Tannin,0.72,4.264020940347223
Seed_Coat_Tannin,0.73,4.4123283530716435
Seed_Coat_Tannin,0.74,4.569972067419599
Seed_Coat_Tannin,0.75,4.737969540393578
Seed_Coat_Tannin,0.76,4.917493795315295
Seed_Coat_Tannin,0.77,5.109904845430606
Seed_Coat_Tannin,0.78,5.316789055185723
Seed_Coat_Tannin,0.79,5.540008878823073
Seed_Coat_Tannin,0.8,5.781766310916964
Seed_Coat_Tannin,0.81,6.044684665070008
Seed_Coat_Tannin,0.82,6.331915160144831
Seed_Coat_Tannin,0.83,6.6472775466220355
Seed_Coat_Tannin,0.84,6.995448147763
Seed_Coat_Tannin,0.85,7.382215045699695
Seed_Coat_Tannin,0.86,7.814830108448064
Seed_Coat_Tannin,0.87,8.302503563096934
Seed_Coat_Tannin,0.88,8.85711324150634
Seed_Coat_Tannin,0.89,9.494245574562797
Seed_Coat_Tannin,0.9,10.23476456758101
Seed_Coat_Tannin,0.91,11.107250007445941
Seed_Coat_Tannin,0.9130689655172414,11.407271212660476
Seed_Coat_Tannin,0.9161379310344828,11.724833830466082
Seed_Coat_Tannin,0.9192068965517242,12.061566610323439
Seed_Coat_Tannin,0.9222758620689655,12.419306723228487
Seed_Coat_Tannin,0.925344827586207,12.800134212500211
Seed_Coat_Tannin,0.9284137931034483,13.206413524553113
Seed_Coat_Tannin,0.9314827586206896,13.64084388311096
Seed_Coat_Tannin,0.9345517241379311,14.106520793054074
Seed_Coat_Tannin,0.9376206896551724,14.607011664779407
Seed_Coat_Tannin,0.9406896551724138,15.146449510210346
Seed_Coat_Tannin,0.9437586206896552,15.729649985377023
Seed_Coat_Tannin,0.9468275862068966,16.36225890252001
Seed_Coat_Tannin,0.949896551724138,17.050939949995723
Seed_Coat_Tannin,0.9529655172413793,17.803616114972215
Seed_Coat_Tannin,0.9560344827586207,18.629783788766304
Seed_Coat_Tannin,0.959103448275862,19.540926687535944
Seed_Coat_Tannin,0.9621724137931035,20.551069082392246
Seed_Coat_Tannin,0.9652413793103448,21.677526993288097
Seed_Coat_Tannin,0.9683103448275863,22.941946442493304
Seed_Coat_Tannin,0.9713793103448276,24.37176759462284
Seed_Coat_Tannin,0.974448275862069,26.002337470249017
Seed_Coat_Tannin,0.9775172413793103,27.880040570649157
Seed_Coat_Tannin,0.9805862068965517,30.067084270359487
Seed_Coat_Tannin,0.9836551724137931,32.649088680315685
Seed_Coat_Tannin,0.9867241379310345,35.74767382785842
Seed_Coat_Tannin,0.9897931034482759,39.54251706476191
Seed_Coat_Tannin,0.9928620689655172,44.31280306137148
Seed_Coat_Tannin,0.9959310344827587,50.5225882067283
Seed_Coat_Tannin,0.999,59.02012050496148
Crude_Protein,0.001,0.0010273772463165187
Crude_Protein,0.004413793103448276,0.0002620522768665978
Crude_Protein,0.007827586206896553,0.0
Crude_Protein,0.011241379310344829,0.00021663328004706273
Crude_Protein,0.014655172413793105,0.0008898098119516362
Crude_Protein,0.01806896551724138,0.00199953159915367
Crude_Protein,0.021482758620689657,0.0035276871814176047
Crude_Protein,0.024896551724137933,0.005457829787417268
Crude_Protein,0.02831034482758621,0.007774985787762034
Crude_Protein,0.031724137931034485,0.010465488800605272
Crude_Protein,0.03513793103448276,0.013516835589712173
Crude_Protein,0.03855172413793104,0.01691756053583049
Crude_Protein,0.04196551724137931,0.020657125990396707
Crude_Protein,0.04537931034482759,0.02472582624983488
Crude_Protein,0.048793103448275865,0.029114703247159923
Crude_Protein,0.05220689655172414,0.03381547235022708
Crude_Protein,0.05562068965517242,0.03882045690130553
Crude_Protein,0.05903448275862069,0.044122530339393506
Crude_Protein,0.06244827586206897,0.04971506491136779
Crude_Protein,0.06586206896551725,0.05559188612869548
Crude_Protein,0.06927586206896552,0.0617472322413164
Crude_Protein,0.0726896551724138,0.06817571810398704
Crude_Protein,0.07610344827586207,0.07487230289825675
Crude_Protein,0.07951724137931035,0.08183226124288012
Crude_Protein,0.08293103448275863,0.08905115729152158
Crude_Protein,0.0863448275862069,0.09652482146560715
Crude_Protein,0.08975862068965518,0.10424932952111021
Crude_Protein,0.09317241379310345,0.11222098368079969
Crude_Protein,0.09658620689655173,0.12043629560190539
Crude_Protein,0.1,0.12889197097626948
Crude_Protein,0.11,0.15501572438893163
Crude_Protein,0.12,0.18310563090216192
Crude_Protein,0.13,0.21310129557650725
Crude_Protein,0.14,0.2449507092316594
Crude_Protein,0.15,0.27860889638969866
Crude_Protein,0.16,0.31403686121046803
Crude_Protein,0.16999999999999998,0.3512007575785674
Crude_Protein,0.18,0.39007122967598207
Crude_Protein,0.19,0.4306228836135233
Crude_Protein,0.2,0.4728338608612148
Crude_Protein,0.21000000000000002,0.5166854915583485
Crude_Protein,0.22,0.5621620111404582
Crude_Protein,0.22999999999999998,0.6092503276603338
Crude_Protein,0.24,0.6579398301192896
Crude_Protein,0.25,0.7082222303200751
Crude_Protein,0.26,0.7600914324195855
Crude_Protein,0.27,0.8135434256323606
Crude_Protein,0.28,0.8685761965110714
Crude_Protein,0.29,0.9251896579954177
Crude_Protein,0.3,0.9833855930093023
Crude_Protein,0.31,1.0431676108654528
Crude_Protein,0.32,1.1045411151087592
Crude_Protein,0.33,1.1675132817355802
Crude_Protein,0.34,1.2320930469793439
Crude_Protein,0.35,1.298291104059274
Crude_Protein,0.36,1.3661199084675104
Crude_Protein,0.37,1.4355936915251277
Crude_Protein,0.38,1.506728482072333
Crude_Protein,0.39,1.5795421362868751
Crude_Protein,0.39999999999999997,1.6540543757392925
Crude_Protein,0.41,1.7302868339106112
Crude_Protein,0.42,1.808263111512531
Crude_Protein,0.43,1.8880088410640496
Crude_Protein,0.44,1.9695517613088214
Crude_Protein,0.45,2.052921802184244
Crude_Protein,0.46,2.1381511812041367
Crude_Protein,0.47,2.225274512278247
Crude_Protein,0.48,2.3143289281776447
Crude_Protein,0.49,2.4053542180649856
Crude_Protein,0.5,2.4983929817516923
Crude_Protein,0.51,2.5934908026301287
Crude_Protein,0.52,2.690696441553996
Crude_Protein,0.53,2.7900620543362606
Crude_Protein,0.54,2.8916434359896357
Crude_Protein,0.55,2.995500295387558
Crude_Protein,0.56,3.1016965646758763
Crude_Protein,0.5700000000000001,3.2103007485576427
Crude_Protein,0.5800000000000001,3.3213863195202293
Crude_Protein,0.59,3.435032166231167
Crude_Protein,0.6,3.5513231037325568
Crude_Protein,0.61,3.6703504557857514
Crude_Protein,0.62,3.792212721836165
Crude_Protein,0.63,3.917016343688374
Crude_Protein,0.64,4.0448765902409605
Crude_Protein,0.65,4.175918582707709
Crude_Protein,0.66,4.310278487881419
Crude_Protein,0.67,4.448104913490056
Crude_Protein,0.68,4.589560547968233
Crude_Protein,0.69,4.734824097584976
Crude_Protein,0.7,4.884092587576731
Crude_Protein,0.71,5.0375841117926825
Crude_Protein,0.72,5.195541138782119
Crude_Protein,0.73,5.358234513256946
Crude_Protein,0.74,5.52596833325299
Crude_Protein,0.75,5.699085939125268
Crude_Protein,0.76,5.87797732650057
Crude_Protein,0.77,6.063088399957451
Crude_Protein,0.78,6.254932629958091
Crude_Protein,0.79,6.4541058811799985
Crude_Protein,0.8,6.661305474416849
Crude_Protein,0.81,6.877354970874592
Crude_Protein,0.82,7.103236796783051
Crude_Protein,0.83,7.340135770107679
Crude_Protein,0.84,7.5894980345800604
Crude_Protein,0.85,7.85311216051457
Crude_Protein,0.86,8.133222775155105
Crude_Protein,0.87,8.432692995815955
Crude_Protein,0.88,8.755241919093123
Crude_Protein,0.89,9.105800830764224
Crude_Protein,0.9,9.491063328271252
Crude_Protein,0.91,9.920364128137237
Crude_Protein,0.9130689655172414,10.062871777983048
Crude_Protein,0.9161379310344828,10.211238368544798
Crude_Protein,0.9192068965517242,10.366020786035733
Crude_Protein,0.9222758620689655,10.527853125349509
Crude_Protein,0.925344827586207,10.697460553785334
Crude_Protein,0.9284137931034483,10.875676260190573
Crude_Protein,0.9314827586206896,11.063462318807865
Crude_Protein,0.9345517241379311,11.26193556145546
Crude_Protein,0.9376206896551724,11.472399914598896
Crude_Protein,0.9406896551724138,11.696387161968744
Crude_Protein,0.9437586206896552,11.935708802355634
Crude_Protein,0.9468275862068966,12.192522682886818
Crude_Protein,0.949896551724138,12.469419550051214
Crude_Protein,0.9529655172413793,12.76953680943808
Crude_Protein,0.9560344827586207,13.096709998453264
Crude_Protein,0.959103448275862,13.455677374050481
Crude_Protein,0.9621724137931035,13.852360640992913
Crude_Protein,0.9652413793103448,14.294256991042403
Crude_Protein,0.9683103448275863,14.790997478282065
Crude_Protein,0.9713793103448276,15.355160169876513
Crude_Protein,0.974448275862069,16.0034846168287
Crude_Protein,0.9775172413793103,16.758739071428295
Crude_Protein,0.9805862068965517,17.652689496629534
Crude_Protein,0.9836551724137931,18.731010843187505
Crude_Protein,0.9867241379310345,20.061803514964822
Crude_Protein,0.9897931034482759,21.751232958934793
Crude_Protein,0.9928620689655172,23.974374949247533
Crude_Protein,0.9959310344827587,27.041888470491983
Crude_Protein,0.999,31.562953810863803
Total_Oxalate,0.001,0.5512118509590778
Total_Oxalate,0.004413793103448276,0.5210090310932856
Total_Oxalate,0.007827586206896553,0.49218008312533357
Total_Oxalate,0.011241379310344829,0.464661003154788
Total_Oxalate,0.014655172413793105,0.43839169603381833
Total_Oxalate,0.01806896551724138,0.4133156840551919
Total_Oxalate,0.021482758620689657,0.3893798412173055
Total_Oxalate,0.024896551724137933,0.36653415048971283
Total_Oxalate,0.02831034482758621,0.34473148179682767
Total_Oxalate,0.031724137931034485,0.3239273886883325
Total_Oxalate,0.03513793103448276,0.30407992189276456
Total_Oxalate,0.03855172413793104,0.2851494581453835
Total_Oxalate,0.04196551724137931,0.26709854285275014
Total_Oxalate,0.04537931034482759,0.24989174531117442
Total_Oxalate,0.048793103448275865,0.23349552532852158
Total_Oxalate,0.05220689655172414,0.2178781102178391
Total_Oxalate,0.05562068965517242,0.20300938123648393
Total_Oxalate,0.05903448275862069,0.18886076863861945
Total_Oxalate,0.06244827586206897,0.1754051545892139
Total_Oxalate,0.06586206896551725,0.16261678326480933
Total_Oxalate,0.06927586206896552,0.15047117752834538
Total_Oxalate,0.0726896551724138,0.13894506162642983
Total_Oxalate,0.07610344827586207,0.12801628940923138
Total_Oxalate,0.07951724137931035,0.11766377761875901
Total_Oxalate,0.08293103448275863,0.10786744383597124
Total_Oxalate,0.0863448275862069,0.09860814870972945
Total_Oxalate,0.08975862068965518,0.08986764213204879
Total_Oxalate,0.09317241379310345,0.08162851304632568
Total_Oxalate,0.09658620689655173,0.07387414260961123
Total_Oxalate,0.1,0.06658866044818978
Total_Oxalate,0.11,0.04780545492201327
Total_Oxalate,0.12,0.03256946243288894
Total_Oxalate,0.13,0.020573166274687082
Total_Oxalate,0.14,0.011545209588803118
Total_Oxalate,0.15,0.0052453574709261375
Total_Oxalate,0.16,0.0014602792380742358
Total_Oxalate,0.16999999999999998,0.0
Total_Oxalate,0.18,0.0006949015387931468
Total_Oxalate,0.19,0.003393176451368163
Total_Oxalate,0.2,0.007958658220616144
Total_Oxalate,0.21000000000000002,0.014268964601910739
Total_Oxalate,0.22,0.022213903358078824
Total_Oxalate,0.22999999999999998,0.03169409865125772
Total_Oxalate,0.24,0.04261980382477759
Total_Oxalate,0.25,0.054909872282621563
Total_Oxalate,0.26,0.06849086301497209
Total_Oxalate,0.27,0.08329626124452716
Total_Oxalate,0.28,0.0992657978860052
Total_Oxalate,0.29,0.11634485414617757
Total_Oxalate,0.3,0.1344839397686428
Total_Oxalate,0.31,0.15363823522733355
Total_Oxalate,0.32,0.17376718967483384
Total_Oxalate,0.33,0.1948341677017993
Total_Oxalate,0.34,0.21680613902020696
Total_Oxalate,0.35,0.2396534060677027
Total_Oxalate,0.36,0.2633493652900256
Total_Oxalate,0.37,0.2878702984952497
Total_Oxalate,0.38,0.31319519123428563
Total_Oxalate,0.39,0.33930557563496677
Total_Oxalate,0.39999999999999997,0.36618539554081053
Total_Oxalate,0.41,0.39382089217014027
Total_Oxalate,0.42,0.4222005088471974
Total_Oxalate,0.43,0.4513148136508107
Total_Oxalate,0.44,0.48115643910790595
Total_Oxalate,0.45,0.5117200383167528
Total_Oxalate,0.46,0.5430022571348445
Total_Oxalate,0.47,0.5750017223154487
Total_Oxalate,0.48,0.6077190457233996
Total_Oxalate,0.49,0.6411568450187701
Total_Oxalate,0.5,0.6753197814722967
Total_Oxalate,0.51,0.7102146158694609
Total_Oxalate,0.52,0.745850283789764
Total_Oxalate,0.53,0.782237991918123
Total_Oxalate,0.54,0.8193913374631165
Total_Oxalate,0.55,0.8573264532556664
Total_Oxalate,0.56,0.896062181666764
Total_Oxalate,0.5700000000000001,0.9356202811732146
Total_Oxalate,0.5800000000000001,0.9760256702118113
Total_Oxalate,0.59,1.0173067139445493
Total_Oxalate,0.6,1.0594955607496672
Total_Oxalate,0.61,1.1026285367086075
Total_Oxalate,0.62,1.1467466081456337
Total_Oxalate,0.63,1.191895924487028
Total_Oxalate,0.64,1.2381284564535235
Total_Oxalate,0.65,1.285502748035242
Total_Oxalate,0.66,1.3340848050226555
Total_Oxalate,0.67,1.3839491483397524
Total_Oxalate,0.68,1.4351800674022002
Total_Oxalate,0.69,1.48787311767245
Total_Oxalate,0.7,1.5421369181430578
Total_Oxalate,0.71,1.5980953195283973
Total_Oxalate,0.72,1.6558900336794409
Total_Oxalate,0.73,1.7156838408379258
Total_Oxalate,0.74,1.7776645261696444
Total_Oxalate,0.75,1.8420497439070687
Total_Oxalate,0.76,1.909093071217967
Total_Oxalate,0.77,1.9790916015811035
Total_Oxalate,0.78,2.052395549362359
Total_Oxalate,0.79,2.129420508873693
Total_Oxalate,0.8,2.2106632559577406
Total_Oxalate,0.81,2.2967223343187015
Total_Oxalate,0.82,2.388325189363627
Total_Oxalate,0.83,2.4863643905438835
Total_Oxalate,0.84,2.5919466684686654
Total_Oxalate,0.85,2.7064603357509327
Total_Oxalate,0.86,2.8316695908715133
Total_Oxalate,0.87,2.9698489832092605
Total_Oxalate,0.88,3.12397933370886
Total_Oxalate,0.89,3.298040286792741
Total_Oxalate,0.9,3.4974595893965557
Total_Oxalate,0.91,3.729825823023816
Total_Oxalate,0.9130689655172414,3.8093111509237474
Total_Oxalate,0.9161379310344828,3.893290708136078
Total_Oxalate,0.9192068965517242,3.982216429070263
Total_Oxalate,0.9222758620689655,4.076602251122665
Total_Oxalate,0.925344827586207,4.177035002730349
Total_Oxalate,0.9284137931034483,4.284187654411994
Total_Oxalate,0.9314827586206896,4.3988355513873785
Total_Oxalate,0.9345517241379311,4.521876438251354
Total_Oxalate,0.9376206896551724,4.654355347659191
Total_Oxalate,0.9406896551724138,4.797495785264971
Total_Oxalate,0.9437586206896552,4.952739145522116
Total_Oxalate,0.9468275862068966,5.121795002510453
Total_Oxalate,0.949896551724138,5.306705936179924
Total_Oxalate,0.9529655172413793,5.50993203199522
Total_Oxalate,0.9560344827586207,5.734462376083627
Total_Oxalate,0.959103448275862,5.983964155157764
Total_Oxalate,0.9621724137931035,6.262985016854998
Total_Oxalate,0.9652413793103448,6.5772322647132455
Total_Oxalate,0.9683103448275863,6.9339651937897315
Total_Oxalate,0.9713793103448276,7.342557908633069
Total_Oxalate,0.974448275862069,7.815325803833105
Total_Oxalate,0.9775172413793103,8.368772111482997
Total_Oxalate,0.9805862068965517,9.025527007559276
Total_Oxalate,0.9836551724137931,9.817475049524887
Total_Oxalate,0.9867241379310345,10.791020282824604
Total_Oxalate,0.9897931034482759,12.01642197307666
Total_Oxalate,0.9928620689655172,13.605444598945212
Total_Oxalate,0.9959310344827587,15.747568065594521
Total_Oxalate,0.999,18.79278524685384
Soluble_Oxalate,0.001,6.018966943153941
Soluble_Oxalate,0.004413793103448276,5.945902411105465
Soluble_Oxalate,0.007827586206896553,5.874146528243898
Soluble_Oxalate,0.011241379310344829,5.803651173703031
Soluble_Oxalate,0.014655172413793105,5.734371045159548
Soluble_Oxalate,0.01806896551724138,5.666263449417784
Soluble_Oxalate,0.021482758620689657,5.599288111531621
Soluble_Oxalate,0.024896551724137933,5.533407000576801
Soluble_Oxalate,0.02831034482758621,5.468584170401414
Soluble_Oxalate,0.031724137931034485,5.404785613873855
Soluble_Oxalate,0.03513793103448276,5.34197912930739
Soluble_Oxalate,0.03855172413793104,5.280134197894029
Soluble_Oxalate,0.04196551724137931,5.2192218710974885
Soluble_Oxalate,0.04537931034482759,5.159214667075503
Soluble_Oxalate,0.048793103448275865,5.100086475294233
Soluble_Oxalate,0.05220689655172414,5.041812468588944
Soluble_Oxalate,0.05562068965517242,4.984369021998248
Soluble_Oxalate,0.05903448275862069,4.927733637770984
Soluble_Oxalate,0.06244827586206897,4.871884876002241
Soluble_Oxalate,0.06586206896551725,4.816802290411658
Soluble_Oxalate,0.06927586206896552,4.762466368821094
Soluble_Oxalate,0.0726896551724138,4.708858477936133
Soluble_Oxalate,0.07610344827586207,4.655960812070646
Soluble_Oxalate,0.07951724137931035,4.60375634548717
Soluble_Oxalate,0.08293103448275863,4.552228788060404
Soluble_Oxalate,0.0863448275862069,4.5013625439929115
Soluble_Oxalate,0.08975862068965518,4.451142673341053
Soluble_Oxalate,0.09317241379310345,4.401554856128712
Soluble_Oxalate,0.09658620689655173,4.352585358847136
Soluble_Oxalate,0.1,4.304221003156783
Soluble_Oxalate,0.11,4.165912852643714
Soluble_Oxalate,0.12,4.032396817850895
Soluble_Oxalate,0.13,3.9034099377169014
Soluble_Oxalate,0.14,3.7787165388972426
Soluble_Oxalate,0.15,3.658104608624228
Soluble_Oxalate,0.16,3.5413827495388546
Soluble_Oxalate,0.16999999999999998,3.4283776094145537
Soluble_Oxalate,0.18,3.3189317006898023
Soluble_Oxalate,0.19,3.212901541761994
Soluble_Oxalate,0.2,3.1101560652839453
Soluble_Oxalate,0.21000000000000002,3.0105752491368776
Soluble_Oxalate,0.22,2.9140489340012437
Soluble_Oxalate,0.22999999999999998,2.8204757979996202
Soluble_Oxalate,0.24,2.7297624641288394
Soluble_Oxalate,0.25,2.6418227204113123
Soluble_Oxalate,0.26,2.5565768360984293
Soluble_Oxalate,0.27,2.4739509600264
Soluble_Oxalate,0.28,2.393876589477145
Soluble_Oxalate,0.29,2.3162900997477323
Soluble_Oxalate,0.3,2.241132326150307
Soluble_Oxalate,0.31,2.1683481914224103
Soluble_Oxalate,0.32,2.0978863725690076
Soluble_Oxalate,0.33,2.0296990020231647
Soluble_Oxalate,0.34,1.9637413987376817
Soluble_Oxalate,0.35,1.8999718254231652
Soluble_Oxalate,0.36,1.8383512686585277
Soluble_Oxalate,0.37,1.7788432390241837
Soluble_Oxalate,0.38,1.7214135887703605
Soluble_Oxalate,0.39,1.6660303448324498
Soluble_Oxalate,0.39999999999999997,1.612663555264362
Soluble_Oxalate,0.41,1.5612851473695173
Soluble_Oxalate,0.42,1.5118687959948147
Soluble_Oxalate,0.43,1.4643898005952565
Soluble_Oxalate,0.44,1.4188249698054847
Soluble_Oxalate,0.45,1.3751525123520878
Soluble_Oxalate,0.46,1.3333519332176138
Soluble_Oxalate,0.47,1.2934039340299819
Soluble_Oxalate,0.48,1.2552903166929354
Soluble_Oxalate,0.49,1.218993889293472
Soluble_Oxalate,0.5,1.1844983733388972
Soluble_Oxalate,0.51,1.151788311359212
Soluble_Oxalate,0.52,1.1208489738915546
Soluble_Oxalate,0.53,1.091666264815217
Soluble_Oxalate,0.54,1.0642266239435685
Soluble_Oxalate,0.55,1.0385169256932159
Soluble_Oxalate,0.56,1.0145243725370392
Soluble_Oxalate,0.5700000000000001,0.9922363818100735
Soluble_Oxalate,0.5800000000000001,0.9716404642597922
Soluble_Oxalate,0.59,0.9527240925191336
Soluble_Oxalate,0.6,0.9354745574170806
Soluble_Oxalate,0.61,0.9198788097193642
Soluble_Oxalate,0.62,0.9059232845027054
Soluble_Oxalate,0.63,0.8935937048850064
Soluble_Oxalate,0.64,0.8828748612505706
Soluble_Oxalate,0.65,0.8737503613924673
Soluble_Oxalate,0.66,0.8662023461108674
Soluble_Oxalate,0.67,0.8602111637154053
Soluble_Oxalate,0.68,0.8557549955287982
Soluble_Oxalate,0.69,0.8528094227946781
Soluble_Oxalate,0.7,0.8513469232796069
Soluble_Oxalate,0.71,0.8513362831778863
Soluble_Oxalate,0.72,0.8527419065314348
Soluble_Oxalate,0.73,0.855523000024732
Soluble_Oxalate,0.74,0.8596326054006909
Soluble_Oxalate,0.75,0.8650164444492248
Soluble_Oxalate,0.76,0.8716115319515438
Soluble_Oxalate,0.77,0.8793444992880382
Soluble_Oxalate,0.78,0.8881295544775298
Soluble_Oxalate,0.79,0.8978659814958974
Soluble_Oxalate,0.8,0.9084350503734413
Soluble_Oxalate,0.81,0.9196961661145906
Soluble_Oxalate,0.82,0.931482023420017
Soluble_Oxalate,0.83,0.9435924470544137
Soluble_Oxalate,0.84,0.9557864712730861
Soluble_Oxalate,0.85,0.9677720248857895
Soluble_Oxalate,0.86,0.9791923067584776
Soluble_Oxalate,0.87,0.9896075019008208
Soluble_Oxalate,0.88,0.9984698006237522
Soluble_Oxalate,0.89,1.0050885639161038
Soluble_Oxalate,0.9,1.0085805962638688
Soluble_Oxalate,0.91,1.0077972035721814
Soluble_Oxalate,0.9130689655172414,1.0064769550855317
Soluble_Oxalate,0.9161379310344828,1.0045612600835057
Soluble_Oxalate,0.9192068965517242,1.0019917929614053
Soluble_Oxalate,0.9222758620689655,0.9987041582332381
Soluble_Oxalate,0.925344827586207,0.994627048359007
Soluble_Oxalate,0.9284137931034483,0.9896812512038196
Soluble_Oxalate,0.9314827586206896,0.9837784737599122
Soluble_Oxalate,0.9345517241379311,0.9768199397972808
Soluble_Oxalate,0.9376206896551724,0.9686947072813723
Soluble_Oxalate,0.9406896551724138,0.9592776356423656
Soluble_Oxalate,0.9437586206896552,0.9484269117611461
Soluble_Oxalate,0.9468275862068966,0.9359810146358427
Soluble_Oxalate,0.949896551724138,0.9217549588286147
Soluble_Oxalate,0.9529655172413793,0.9055356010586593
Soluble_Oxalate,0.9560344827586207,0.8870757152457713
Soluble_Oxalate,0.959103448275862,0.8660864273299467
Soluble_Oxalate,0.9621724137931035,0.8422274339819751
Soluble_Oxalate,0.9652413793103448,0.8150941792225694
Soluble_Oxalate,0.9683103448275863,0.784200780858157
Soluble_Oxalate,0.9713793103448276,0.7489569008096169
Soluble_Oxalate,0.974448275862069,0.7086357930429017
Soluble_Oxalate,0.9775172413793103,0.6623291735683097
Soluble_Oxalate,0.9805862068965517,0.6088818374284983
Soluble_Oxalate,0.9836551724137931,0.5467941135043475
Soluble_Oxalate,0.9867241379310345,0.4740712747068301
Soluble_Oxalate,0.9897931034482759,0.38798152175314726
Soluble_Oxalate,0.9928620689655172,0.28464808006572184
Soluble_Oxalate,0.9959310344827587,0.1583219805716567
Soluble_Oxalate,0.999,0.0
Insoluble_Oxalate,0.001,0.004391914049961088
Insoluble_Oxalate,0.004413793103448276,0.002671236666742516
Insoluble_Oxalate,0.007827586206896553,0.0013898523481543634
Insoluble_Oxalate,0.011241379310344829,0.0005290268525754982
Insoluble_Oxalate,0.014655172413793105,7.122151578187186e-05
Insoluble_Oxalate,0.01806896551724138,0.0
Insoluble_Oxalate,0.021482758620689657,0.0002999435958486174
Insoluble_Oxalate,0.024896551724137933,0.0009565741802930461
Insoluble_Oxalate,0.02831034482758621,0.0019562840407161275
Insoluble_Oxalate,0.031724137931034485,0.0032862718668411617
Insoluble_Oxalate,0.03513793103448276,0.004934484290629371
Insoluble_Oxalate,0.03855172413793104,0.006889562424760243
Insoluble_Oxalate,0.04196551724137931,0.00914079291175085
Insoluble_Oxalate,0.04537931034482759,0.011678063048464082
Insoluble_Oxalate,0.048793103448275865,0.014491819597594713
Insoluble_Oxalate,0.05220689655172414,0.017573030941207435
Insoluble_Oxalate,0.05562068965517242,0.02091315226448387
Insoluble_Oxalate,0.05903448275862069,0.024504093493419532
Insoluble_Oxalate,0.06244827586206897,0.028338189736302866
Insoluble_Oxalate,0.06586206896551725,0.032408174006945956
Insoluble_Oxalate,0.06927586206896552,0.03670715202537167
Insoluble_Oxalate,0.0726896551724138,0.041228578917639425
Insoluble_Oxalate,0.07610344827586207,0.04596623764899732
Insoluble_Oxalate,0.07951724137931035,0.050914219043534104
Insoluble_Oxalate,0.08293103448275863,0.056066903257487866
Insoluble_Oxalate,0.0863448275862069,0.06141894258286129
Insoluble_Oxalate,0.08975862068965518,0.06696524547407989
Insoluble_Oxalate,0.09317241379310345,0.07270096169719409
Insoluble_Oxalate,0.09658620689655173,0.07862146851152829
Insoluble_Oxalate,0.1,0.08472235780027404
Insoluble_Oxalate,0.11,0.1035928522451286
Insoluble_Oxalate,0.12,0.12387938166244794
Insoluble_Oxalate,0.13,0.14549724957390708
Insoluble_Oxalate,0.14,0.1683720504934172
Insoluble_Oxalate,0.15,0.1924382248338361
Insoluble_Oxalate,0.16,0.21763785755302933
Insoluble_Oxalate,0.16999999999999998,0.24391967426447536
Insoluble_Oxalate,0.18,0.2712381983078558
Insoluble_Oxalate,0.19,0.299553039782154
Insoluble_Oxalate,0.2,0.3288282933795017
Insoluble_Oxalate,0.21000000000000002,0.359032026400655
Insoluble_Oxalate,0.22,0.3901358419107055
Insoluble_Oxalate,0.22999999999999998,0.4221145048158519
Insoluble_Oxalate,0.24,0.454945620894307
Insoluble_Oxalate,0.25,0.4886093606069153
Insoluble_Oxalate,0.26,0.5230882209628476
Insoluble_Oxalate,0.27,0.558366819883247
Insoluble_Oxalate,0.28,0.5944317184570878
Insoluble_Oxalate,0.29,0.6312712672602743
Insoluble_Oxalate,0.3,0.6688754735477005
Insoluble_Oxalate,0.31,0.7072358866564628
Insoluble_Oxalate,0.32,0.7463454993942378
Insoluble_Oxalate,0.33,0.7861986635593325
Insoluble_Oxalate,0.34,0.8267910180392164
Insoluble_Oxalate,0.35,0.8681194282054321
Insoluble_Oxalate,0.36,0.910181935541118
Insoluble_Oxalate,0.37,0.9529777166334839
Insoluble_Oxalate,0.38,0.9965070508336566
Insoluble_Oxalate,0.39,1.0407712960371214
Insoluble_Oxalate,0.39999999999999997,1.0857728721748572
Insoluble_Oxalate,0.41,1.1315152521282812
Insoluble_Oxalate,0.42,1.178002959903722
Insoluble_Oxalate,0.43,1.2252415760111148
Insoluble_Oxalate,0.44,1.2732377501062047
Insoluble_Oxalate,0.45,1.3219992210711666
Insoluble_Oxalate,0.46,1.3715348448210989
Insoluble_Oxalate,0.47,1.421854630257144
Insoluble_Oxalate,0.48,1.4729697839158007
Insoluble_Oxalate,0.49,1.52489276402099
Insoluble_Oxalate,0.5,1.577637344813354
Insoluble_Oxalate,0.51,1.6312186922243654
Insoluble_Oxalate,0.52,1.6856534521897402
Insoluble_Oxalate,0.53,1.7409598531573351
Insoluble_Oxalate,0.54,1.7971578246518334
Insoluble_Oxalate,0.55,1.8542691341294244
Insoluble_Oxalate,0.56,1.912317544783889
Insoluble_Oxalate,0.5700000000000001,1.971328997501189
Insoluble_Oxalate,0.5800000000000001,2.031331820785738
Insoluble_Oxalate,0.59,2.09235697325596
Insoluble_Oxalate,0.6,2.1544383242497815
Insoluble_Oxalate,0.61,2.2176129792318875
Insoluble_Oxalate,0.62,2.281921658126862
Insoluble_Oxalate,0.63,2.3474091364653304
Insoluble_Oxalate,0.64,2.414124761441883
Insoluble_Oxalate,0.65,2.4821230577473443
Insoluble_Oxalate,0.66,2.5514644415285943
Insoluble_Oxalate,0.67,2.622216065258897
Insoluble_Oxalate,0.68,2.6944528219547124
Insoluble_Oxalate,0.69,2.7682585444441656
Insoluble_Oxalate,0.7,2.8437274447977074
Insoluble_Oxalate,0.71,2.920965851299968
Insoluble_Oxalate,0.72,3.0000943164543514
Insoluble_Oxalate,0.73,3.08125019086566
Insoluble_Oxalate,0.74,3.1645907863848493
Insoluble_Oxalate,0.75,3.2502972903897103
Insoluble_Oxalate,0.76,3.33857964553863
Insoluble_Oxalate,0.77,3.429682681558347
Insoluble_Oxalate,0.78,3.523893886258179
Insoluble_Oxalate,0.79,3.621553344862207
Insoluble_Oxalate,0.8,3.723066579554029
Insoluble_Oxalate,0.81,3.8289213151705326
Insoluble_Oxalate,0.82,3.939709630028574
Insoluble_Oxalate,0.83,4.056157599641381
Insoluble_Oxalate,0.84,4.17916553137502
Insoluble_Oxalate,0.85,4.3098634311688215
Insoluble_Oxalate,0.86,4.449688803192146
Insoluble_Oxalate,0.87,4.600497904917177
Insoluble_Oxalate,0.88,4.764728344315756
Insoluble_Oxalate,0.89,4.945642652655522
Insoluble_Oxalate,0.9,5.147703620567995
Insoluble_Oxalate,0.91,5.377171902535736
Insoluble_Oxalate,0.9130689655172414,5.454386831856027
Insoluble_Oxalate,0.9161379310344828,5.535335635757065
Insoluble_Oxalate,0.9192068965517242,5.620393993446953
Insoluble_Oxalate,0.9222758620689655,5.709989730695781
Insoluble_Oxalate,0.925344827586207,5.804612070392579
Insoluble_Oxalate,0.9284137931034483,5.904822908472113
Insoluble_Oxalate,0.9314827586206896,6.011270649700691
Insoluble_Oxalate,0.9345517241379311,6.1247073048638185
Insoluble_Oxalate,0.9376206896551724,6.246009778993482
Insoluble_Oxalate,0.9406896551724138,6.376206595191263
Insoluble_Oxalate,0.9437586206896552,6.516511738670545
Insoluble_Oxalate,0.9468275862068966,6.6683679286119855
Insoluble_Oxalate,0.949896551724138,6.833502519813919
Insoluble_Oxalate,0.9529655172413793,7.014000539895619
Insoluble_Oxalate,0.9560344827586207,7.212401300273257
Insoluble_Oxalate,0.959103448275862,7.431827936051036
Insoluble_Oxalate,0.9621724137931035,7.676163721957039
Insoluble_Oxalate,0.9652413793103448,7.950296083826117
Insoluble_Oxalate,0.9683103448275863,8.260460637568315
Insoluble_Oxalate,0.9713793103448276,8.614736517370034
Insoluble_Oxalate,0.974448275862069,9.023776642898213
Insoluble_Oxalate,0.9775172413793103,9.501913977515187
Insoluble_Oxalate,0.9805862068965517,10.068890763174522
Insoluble_Oxalate,0.9836551724137931,10.752662606768581
Insoluble_Oxalate,0.9867241379310345,11.594148068400841
Insoluble_Oxalate,0.9897931034482759,12.65570879719661
Insoluble_Oxalate,0.9928620689655172,14.037309722336772
Insoluble_Oxalate,0.9959310344827587,15.909979331388797
Insoluble_Oxalate,0.999,18.593149023802937
