group,trait,n,rep,ST_r,MT_r,delta_r
oxalate_triplet,Total_Oxalate,41,0,0.028943276560692642,0.028943276560692663,2.0816681711721685e-17
oxalate_triplet,Total_Oxalate,41,1,0.23162187735783346,0.23162187735783352,5.551115123125783e-17
oxalate_triplet,Total_Oxalate,41,2,0.2035514595582258,0.203551459558226,2.220446049250313e-16
oxalate_triplet,Total_Oxalate,41,3,0.23561402578448246,0.23561402578448248,2.7755575615628914e-17
oxalate_triplet,Total_Oxalate,41,4,0.2519920239502577,0.25199202395025766,-5.551115123125783e-17
oxalate_triplet,Total_Oxalate,41,5,0.1472384011198945,0.14723840111989453,2.7755575615628914e-17
oxalate_triplet,Total_Oxalate,41,6,0.3012625480026413,0.3012625480026413,0.0
oxalate_triplet,Total_Oxalate,41,7,0.15001026161599884,0.15001026161599887,2.7755575615628914e-17
oxalate_triplet,Total_Oxalate,41,8,0.15346313863131975,0.15346313863131975,0.0
oxalate_triplet,Total_Oxalate,41,9,0.2255560796209846,0.22555607962098445,-1.3877787807814457e-16
oxalate_triplet,Total_Oxalate,41,10,0.1024781333114167,0.10247813331141661,-8.326672684688674e-17
oxalate_triplet,Total_Oxalate,41,11,0.2745121510195195,0.27451215101951953,5.551115123125783e-17
oxalate_triplet,Total_Oxalate,41,12,0.2766109186229948,0.2766109186229948,0.0
oxalate_triplet,Total_Oxalate,41,13,0.36431184040855474,0.3643118404085548,5.551115123125783e-17
oxalate_triplet,Total_Oxalate,41,14,0.19950297102957373,0.19950297102957376,2.7755575615628914e-17
oxalate_triplet,Total_Oxalate,41,15,0.32141700125581524,0.3214170012558153,5.551115123125783e-17
oxalate_triplet,Total_Oxalate,41,16,0.14767422788875473,0.14767422788875492,1.942890293094024e-16
oxalate_triplet,Total_Oxalate,41,17,0.285601481824584,0.28560148182458406,5.551115123125783e-17
oxalate_triplet,Total_Oxalate,41,18,0.1345984907206703,0.13459849072067026,-2.7755575615628914e-17
oxalate_triplet,Total_Oxalate,41,19,0.17187333170122113,0.1718733317012213,1.6653345369377348e-16
oxalate_triplet,Total_Oxalate,41,20,0.18402162987401435,0.18402162987401427,-8.326672684688674e-17
oxalate_triplet,Total_Oxalate,41,21,0.15320296057366317,0.15320296057366312,-5.551115123125783e-17
oxalate_triplet,Total_Oxalate,41,22,0.3768509472739231,0.3768509472739232,1.1102230246251565e-16
oxalate_triplet,Total_Oxalate,41,23,0.32214886633031314,0.3221488663303131,-5.551115123125783e-17
oxalate_triplet,Total_Oxalate,41,24,0.22772363507076307,0.22772363507076304,-2.7755575615628914e-17
oxalate_triplet,Total_Oxalate,41,25,0.2035574078474747,0.20355740784747467,-2.7755575615628914e-17
oxalate_triplet,Total_Oxalate,41,26,0.17565952807622875,0.1756595280762287,-5.551115123125783e-17
oxalate_triplet,Total_Oxalate,41,27,0.1336076146458502,0.13360761464585016,-2.7755575615628914e-17
oxalate_triplet,Total_Oxalate,41,28,0.08071688716941118,0.08071688716941115,-2.7755575615628914e-17
oxalate_triplet,Total_Oxalate,41,29,0.13684924529508974,0.13684924529508968,-5.551115123125783e-17
oxalate_triplet,Total_Oxalate,41,30,0.031778702007102685,0.03177870200710275,6.245004513516506e-17
oxalate_triplet,Total_Oxalate,41,31,0.27191457134553293,0.271914571345533,5.551115123125783e-17
oxalate_triplet,Total_Oxalate,41,32,0.21824609973012335,0.21824609973012332,-2.7755575615628914e-17
oxalate_triplet,Total_Oxalate,41,33,0.297947421286058,0.29794742128605806,5.551115123125783e-17
oxalate_triplet,Total_Oxalate,41,34,0.1460635140949735,0.14606351409497348,-2.7755575615628914e-17
oxalate_triplet,Total_Oxalate,41,35,0.2936582973775731,0.2936582973775731,0.0
oxalate_triplet,Total_Oxalate,41,36,0.28246532483768055,0.2824653248376805,-5.551115123125783e-17
oxalate_triplet,Total_Oxalate,41,37,0.20994975235970165,0.2099497523597016,-5.551115123125783e-17
oxalate_triplet,Total_Oxalate,41,38,0.2511817508597145,0.2511817508597145,0.0
oxalate_triplet,Total_Oxalate,41,39,0.272464157366557,0.272464157366557,0.0
oxalate_triplet,Total_Oxalate,41,40,0.26381523279460073,0.2638152327946007,-5.551115123125783e-17
oxalate_triplet,Total_Oxalate,41,41,0.22593807208297378,0.22593807208297387,8.326672684688674e-17
oxalate_triplet,Total_Oxalate,41,42,0.1510351964757818,0.1510351964757818,0.0
oxalate_triplet,Total_Oxalate,41,43,0.15630749727064325,0.1563074972706433,5.551115123125783e-17
oxalate_triplet,Total_Oxalate,41,44,0.25603233598297914,0.25603233598297914,0.0
oxalate_triplet,Total_Oxalate,41,45,0.26639264991140016,0.2663926499114001,-5.551115123125783e-17
oxalate_triplet,Total_Oxalate,41,46,0.14891522614755712,0.14891522614755712,0.0
oxalate_triplet,Total_Oxalate,41,47,0.2439914970422855,0.2439914970422855,0.0
oxalate_triplet,Total_Oxalate,41,48,0.21090048086212004,0.21090048086211993,-1.1102230246251565e-16
oxalate_triplet,Total_Oxalate,41,49,0.29063920255640807,0.29063920255640807,0.0
oxalate_triplet,Soluble_Oxalate,41,0,0.035065572541674084,0.035065572541674125,4.163336342344337e-17
oxalate_triplet,Soluble_Oxalate,41,1,0.18981703850484394,0.1898170385048439,-2.7755575615628914e-17
oxalate_triplet,Soluble_Oxalate,41,2,0.03369016232161283,0.03369016232161285,2.0816681711721685e-17
oxalate_triplet,Soluble_Oxalate,41,3,0.014036496068893137,0.014036496068893345,2.0816681711721685e-16
oxalate_triplet,Soluble_Oxalate,41,4,0.13006245978862338,0.13006245978862332,-5.551115123125783e-17
oxalate_triplet,Soluble_Oxalate,41,5,0.19051853016853226,0.19051853016853237,1.1102230246251565e-16
oxalate_triplet,Soluble_Oxalate,41,6,0.05683748731445873,0.056837487314458715,-1.3877787807814457e-17
oxalate_triplet,Soluble_Oxalate,41,7,-0.006111688417176048,-0.006111688417175923,1.249000902703301e-16
oxalate_triplet,Soluble_Oxalate,41,8,0.09567484946331231,0.09567484946331231,0.0
oxalate_triplet,Soluble_Oxalate,41,9,0.05623312163627402,0.05623312163627399,-2.7755575615628914e-17
oxalate_triplet,Soluble_Oxalate,41,10,0.17596117246411755,0.17596117246411758,2.7755575615628914e-17
oxalate_triplet,Soluble_Oxalate,41,11,0.12748029823238652,0.1274802982323865,-2.7755575615628914e-17
oxalate_triplet,Soluble_Oxalate,41,12,-0.042426511183099216,-0.042426511183099244,-2.7755575615628914e-17
oxalate_triplet,Soluble_Oxalate,41,13,0.07076109769797742,0.07076109769797753,1.1102230246251565e-16
oxalate_triplet,Soluble_Oxalate,41,14,0.040779542966076734,0.04077954296607662,-1.1102230246251565e-16
oxalate_triplet,Soluble_Oxalate,41,15,-0.014519447564856902,-0.014519447564856916,-1.3877787807814457e-17
oxalate_triplet,Soluble_Oxalate,41,16,0.08432569765594311,0.08432569765594322,1.1102230246251565e-16
oxalate_triplet,Soluble_Oxalate,41,17,0.09918813914831595,0.09918813914831584,-1.1102230246251565e-16
oxalate_triplet,Soluble_Oxalate,41,18,0.05836431588262698,0.058364315882626965,-1.3877787807814457e-17
oxalate_triplet,Soluble_Oxalate,41,19,-0.03035941363910854,-0.03035941363910878,-2.42861286636753e-16
oxalate_triplet,Soluble_Oxalate,41,20,0.08321603638738961,0.08321603638738957,-4.163336342344337e-17
oxalate_triplet,Soluble_Oxalate,41,21,0.017044219342620494,0.01704421934262043,-6.245004513516506e-17
oxalate_triplet,Soluble_Oxalate,41,22,0.07566956127162715,0.0756695612716271,-4.163336342344337e-17
oxalate_triplet,Soluble_Oxalate,41,23,0.1643754214667197,0.16437542146671977,5.551115123125783e-17
oxalate_triplet,Soluble_Oxalate,41,24,0.027363359097645854,0.027363359097645923,6.938893903907228e-17
oxalate_triplet,Soluble_Oxalate,41,25,0.05553660808299571,0.055536608082995736,2.7755575615628914e-17
oxalate_triplet,Soluble_Oxalate,41,26,0.2341201542098114,0.23412015420981142,2.7755575615628914e-17
oxalate_triplet,Soluble_Oxalate,41,27,0.16399751586744446,0.16399751586744446,0.0
oxalate_triplet,Soluble_Oxalate,41,28,-0.05907808235973646,-0.0590780823597365,-4.163336342344337e-17
oxalate_triplet,Soluble_Oxalate,41,29,0.16154628695073778,0.16154628695073764,-1.3877787807814457e-16
oxalate_triplet,Soluble_Oxalate,41,30,-0.16331287570399175,-0.16331287570399172,2.7755575615628914e-17
oxalate_triplet,Soluble_Oxalate,41,31,0.05501471533536643,0.05501471533536641,-2.0816681711721685e-17
oxalate_triplet,Soluble_Oxalate,41,32,0.15187038396041955,0.15187038396041952,-2.7755575615628914e-17
oxalate_triplet,Soluble_Oxalate,41,33,0.09608101664612256,0.09608101664612259,2.7755575615628914e-17
oxalate_triplet,Soluble_Oxalate,41,34,0.12181864717716379,0.12181864717716383,4.163336342344337e-17
oxalate_triplet,Soluble_Oxalate,41,35,0.005788541166002165,0.00578854116600222,5.551115123125783e-17
oxalate_triplet,Soluble_Oxalate,41,36,0.21448601020548874,0.21448601020548855,-1.942890293094024e-16
oxalate_triplet,Soluble_Oxalate,41,37,0.0869801813871259,0.08698018138712596,5.551115123125783e-17
oxalate_triplet,Soluble_Oxalate,41,38,0.17961047767451627,0.17961047767451627,0.0
oxalate_triplet,Soluble_Oxalate,41,39,0.1712475458450094,0.1712475458450093,-8.326672684688674e-17
oxalate_triplet,Soluble_Oxalate,41,40,0.11039664639569066,0.11039664639569069,2.7755575615628914e-17
oxalate_triplet,Soluble_Oxalate,41,41,0.07884908189853498,0.07884908189853508,9.71445146547012e-17
oxalate_triplet,Soluble_Oxalate,41,42,0.10478471018088915,0.10478471018088914,-1.3877787807814457e-17
oxalate_triplet,Soluble_Oxalate,41,43,0.145519047867696,0.1455190478676961,8.326672684688674e-17
oxalate_triplet,Soluble_Oxalate,41,44,-0.029290240297855458,-0.029290240297855458,0.0
oxalate_triplet,Soluble_Oxalate,41,45,0.21585831522912863,0.21585831522912863,0.0
oxalate_triplet,Soluble_Oxalate,41,46,0.06364493410957993,0.06364493410957989,-4.163336342344337e-17
oxalate_triplet,Soluble_Oxalate,41,47,0.04824421996642056,0.048244219966420504,-5.551115123125783e-17
oxalate_triplet,Soluble_Oxalate,41,48,0.002604758406935234,0.00260475840693513,-1.0408340855860843e-16
oxalate_triplet,Soluble_Oxalate,41,49,0.05594148404825745,0.055941484048257425,-2.7755575615628914e-17
oxalate_triplet,Insoluble_Oxalate,41,0,0.09651195259115927,0.09651195259115927,0.0
oxalate_triplet,Insoluble_Oxalate,41,1,0.18505333760636544,0.18505333760636544,0.0
oxalate_triplet,Insoluble_Oxalate,41,2,0.2523116401290409,0.2523116401290409,0.0
oxalate_triplet,Insoluble_Oxalate,41,3,0.240686080170174,0.240686080170174,0.0
oxalate_triplet,Insoluble_Oxalate,41,4,0.2457472977749717,0.2457472977749717,0.0
oxalate_triplet,Insoluble_Oxalate,41,5,0.16136262739965782,0.16136262739965782,0.0
oxalate_triplet,Insoluble_Oxalate,41,6,0.3160177859962827,0.3160177859962827,0.0
oxalate_triplet,Insoluble_Oxalate,41,7,0.2617618474342286,0.2617618474342286,0.0
oxalate_triplet,Insoluble_Oxalate,41,8,0.14982759032724913,0.14982759032724913,0.0
oxalate_triplet,Insoluble_Oxalate,41,9,0.2830964966336421,0.2830964966336421,0.0
oxalate_triplet,Insoluble_Oxalate,41,10,0.12510254331661602,0.12510254331661602,0.0
oxalate_triplet,Insoluble_Oxalate,41,11,0.30193149433557254,0.30193149433557254,0.0
oxalate_triplet,Insoluble_Oxalate,41,12,0.2961141663491863,0.2961141663491863,0.0
oxalate_triplet,Insoluble_Oxalate,41,13,0.3558861999362254,0.3558861999362254,0.0
oxalate_triplet,Insoluble_Oxalate,41,14,0.23498325400713224,0.23498325400713224,0.0
oxalate_triplet,Insoluble_Oxalate,41,15,0.404992017511452,0.404992017511452,0.0
oxalate_triplet,Insoluble_Oxalate,41,16,0.23391632640838161,0.23391632640838161,0.0
oxalate_triplet,Insoluble_Oxalate,41,17,0.2877629326154782,0.2877629326154782,0.0
oxalate_triplet,Insoluble_Oxalate,41,18,0.17530059396841474,0.17530059396841474,0.0
oxalate_triplet,Insoluble_Oxalate,41,19,0.24497768561801198,0.24497768561801198,0.0
oxalate_triplet,Insoluble_Oxalate,41,20,0.23781716330817082,0.23781716330817082,0.0
oxalate_triplet,Insoluble_Oxalate,41,21,0.23827395789571354,0.23827395789571354,0.0
oxalate_triplet,Insoluble_Oxalate,41,22,0.33891889182921286,0.33891889182921286,0.0
oxalate_triplet,Insoluble_Oxalate,41,23,0.3368748094300422,0.3368748094300422,0.0
oxalate_triplet,Insoluble_Oxalate,41,24,0.2097932192320912,0.2097932192320912,0.0
oxalate_triplet,Insoluble_Oxalate,41,25,0.23442386101861784,0.23442386101861784,0.0
oxalate_triplet,Insoluble_Oxalate,41,26,0.15155968540511472,0.15155968540511472,0.0
oxalate_triplet,Insoluble_Oxalate,41,27,0.15358255626432477,0.15358255626432477,0.0
oxalate_triplet,Insoluble_Oxalate,41,28,0.13115442772195646,0.13115442772195646,0.0
oxalate_triplet,Insoluble_Oxalate,41,29,0.1424693404949592,0.1424693404949592,0.0
oxalate_triplet,Insoluble_Oxalate,41,30,0.19116370378007974,0.19116370378007974,0.0
oxalate_triplet,Insoluble_Oxalate,41,31,0.27805705278409987,0.27805705278409987,0.0
oxalate_triplet,Insoluble_Oxalate,41,32,0.17788920355458232,0.17788920355458232,0.0
oxalate_triplet,Insoluble_Oxalate,41,33,0.2954315449422609,0.2954315449422609,0.0
oxalate_triplet,Insoluble_Oxalate,41,34,0.13507572634414614,0.13507572634414614,0.0
oxalate_triplet,Insoluble_Oxalate,41,35,0.29521148861526564,0.29521148861526564,0.0
oxalate_triplet,Insoluble_Oxalate,41,36,0.24493484648947095,0.24493484648947095,0.0
oxalate_triplet,Insoluble_Oxalate,41,37,0.23485378109501798,0.23485378109501798,0.0
oxalate_triplet,Insoluble_Oxalate,41,38,0.26668777058215865,0.26668777058215865,0.0
oxalate_triplet,Insoluble_Oxalate,41,39,0.2221772309359731,0.2221772309359731,0.0
oxalate_triplet,Insoluble_Oxalate,41,40,0.23455781266511483,0.23455781266511483,0.0
oxalate_triplet,Insoluble_Oxalate,41,41,0.25367390866252926,0.25367390866252926,0.0
oxalate_triplet,Insoluble_Oxalate,41,42,0.21722003023539793,0.21722003023539793,0.0
oxalate_triplet,Insoluble_Oxalate,41,43,0.14098257935880543,0.14098257935880543,0.0
oxalate_triplet,Insoluble_Oxalate,41,44,0.3317311571233518,0.3317311571233518,0.0
oxalate_triplet,Insoluble_Oxalate,41,45,0.2714281462485485,0.2714281462485485,0.0
oxalate_triplet,Insoluble_Oxalate,41,46,0.15528315778925839,0.15528315778925839,0.0
oxalate_triplet,Insoluble_Oxalate,41,47,0.2558028711492306,0.2558028711492306,0.0
oxalate_triplet,Insoluble_Oxalate,41,48,0.23969747317088397,0.23969747317088397,0.0
oxalate_triplet,Insoluble_Oxalate,41,49,0.3081819618124443,0.3081819618124443,0.0
protein_oxalate_full,Crude_Protein,40,0,-0.005466112366229993,-0.005466112366230083,-9.020562075079397e-17
protein_oxalate_full,Crude_Protein,40,1,-0.058362333903812354,-0.0583623339038124,-4.85722573273506e-17
protein_oxalate_full,Crude_Protein,40,2,-0.09828307790262454,-0.09828307790262444,9.71445146547012e-17
protein_oxalate_full,Crude_Protein,40,3,-0.020688204628645217,-0.02068820462864518,3.8163916471489756e-17
protein_oxalate_full,Crude_Protein,40,4,-0.11384563043424874,-0.11384563043424883,-9.71445146547012e-17
protein_oxalate_full,Crude_Protein,40,5,-0.010362720552919653,-0.010362720552919764,-1.1102230246251565e-16
protein_oxalate_full,Crude_Protein,40,6,-0.08042963667401598,-0.08042963667401598,0.0
protein_oxalate_full,Crude_Protein,40,7,-0.17115342477587067,-0.17115342477587067,0.0
protein_oxalate_full,Crude_Protein,40,8,-0.00445278807126355,-0.004452788071263564,-1.3877787807814457e-17
protein_oxalate_full,Crude_Protein,40,9,-0.155660720865824,-0.15566072086582414,-1.3877787807814457e-16
protein_oxalate_full,Crude_Protein,40,10,-0.2475112281618763,-0.24751122816187643,-1.3877787807814457e-16
protein_oxalate_full,Crude_Protein,40,11,-0.024260748251629924,-0.024260748251629972,-4.85722573273506e-17
protein_oxalate_full,Crude_Protein,40,12,-0.05471044726002963,-0.05471044726002984,-2.0816681711721685e-16
protein_oxalate_full,Crude_Protein,40,13,-0.06569146265233494,-0.06569146265233504,-9.71445146547012e-17
protein_oxalate_full,Crude_Protein,40,14,-0.05737759001802172,-0.057377590018021576,1.457167719820518e-16
protein_oxalate_full,Crude_Protein,40,15,-0.044431605741575605,-0.04443160574157555,5.551115123125783e-17
protein_oxalate_full,Crude_Protein,40,16,-0.01474318389847385,-0.014743183898473776,7.45931094670027e-17
protein_oxalate_full,Crude_Protein,40,17,-0.19603365795826783,-0.19603365795826774,8.326672684688674e-17
protein_oxalate_full,Crude_Protein,40,18,-0.046579813200879894,-0.04657981320087987,2.0816681711721685e-17
protein_oxalate_full,Crude_Protein,40,19,-0.18538922930516116,-0.18538922930516122,-5.551115123125783e-17
protein_oxalate_full,Crude_Protein,40,20,0.04458328274744203,0.04458328274744202,-6.938893903907228e-18
protein_oxalate_full,Crude_Protein,40,21,-0.09358341141855842,-0.09358341141855844,-2.7755575615628914e-17
protein_oxalate_full,Crude_Protein,40,22,-0.019450027022164758,-0.019450027022164744,1.3877787807814457e-17
protein_oxalate_full,Crude_Protein,40,23,-0.1177428062069492,-0.11774280620694935,-1.5265566588595902e-16
protein_oxalate_full,Crude_Protein,40,24,-0.23751626279205457,-0.2375162627920546,-2.7755575615628914e-17
protein_oxalate_full,Crude_Protein,40,25,-0.1853396557836914,-0.1853396557836914,0.0
protein_oxalate_full,Crude_Protein,40,26,-0.07459950009095487,-0.07459950009095484,2.7755575615628914e-17
protein_oxalate_full,Crude_Protein,40,27,-0.12720066715180928,-0.12720066715180928,0.0
protein_oxalate_full,Crude_Protein,40,28,-0.061903569435331124,-0.061903569435331124,0.0
protein_oxalate_full,Crude_Protein,40,29,-0.14809871979343178,-0.1480987197934317,8.326672684688674e-17
protein_oxalate_full,Crude_Protein,40,30,-0.057611591716336355,-0.05761159171633641,-5.551115123125783e-17
protein_oxalate_full,Crude_Protein,40,31,-0.125261550459677,-0.12526155045967696,2.7755575615628914e-17
protein_oxalate_full,Crude_Protein,40,32,0.026008069042325388,0.02600806904232529,-9.71445146547012e-17
protein_oxalate_full,Crude_Protein,40,33,-0.14272118850426502,-0.14272118850426516,-1.3877787807814457e-16
protein_oxalate_full,Crude_Protein,40,34,-0.026156662689753224,-0.02615666268975307,1.5265566588595902e-16
protein_oxalate_full,Crude_Protein,40,35,0.03251825793208127,0.032518257932081254,-1.3877787807814457e-17
protein_oxalate_full,Crude_Protein,40,36,-0.02066585552437645,-0.020665855524376338,1.1102230246251565e-16
protein_oxalate_full,Crude_Protein,40,37,-0.07740464355600583,-0.07740464355600583,0.0
protein_oxalate_full,Crude_Protein,40,38,0.06368000612677714,0.06368000612677717,2.7755575615628914e-17
protein_oxalate_full,Crude_Protein,40,39,0.04565470477430422,0.04565470477430423,6.938893903907228e-18
protein_oxalate_full,Crude_Protein,40,40,0.05369117629740368,0.05369117629740362,-5.551115123125783e-17
protein_oxalate_full,Crude_Protein,40,41,-0.10624775903407922,-0.10624775903407933,-1.1102230246251565e-16
protein_oxalate_full,Crude_Protein,40,42,-0.12556087659555093,-0.12556087659555107,-1.3877787807814457e-16
protein_oxalate_full,Crude_Protein,40,43,-0.047843198115832125,-0.04784319811583211,1.3877787807814457e-17
protein_oxalate_full,Crude_Protein,40,44,-0.1625659828170987,-0.16256598281709875,-5.551115123125783e-17
protein_oxalate_full,Crude_Protein,40,45,0.020363147085789526,0.02036314708578968,1.5265566588595902e-16
protein_oxalate_full,Crude_Protein,40,46,-0.14869010037488256,-0.14869010037488256,0.0
protein_oxalate_full,Crude_Protein,40,47,0.015319505809289563,0.015319505809289643,7.979727989493313e-17
protein_oxalate_full,Crude_Protein,40,48,0.05255709995254507,0.05255709995254523,1.6653345369377348e-16
protein_oxalate_full,Crude_Protein,40,49,-0.11135831471784988,-0.11135831471784984,4.163336342344337e-17
protein_oxalate_full,Total_Oxalate,40,0,0.21426596413634788,0.2142659641363478,-8.326672684688674e-17
protein_oxalate_full,Total_Oxalate,40,1,0.30843377470610367,0.30843377470610356,-1.1102230246251565e-16
protein_oxalate_full,Total_Oxalate,40,2,0.23042794613809198,0.23042794613809203,5.551115123125783e-17
protein_oxalate_full,Total_Oxalate,40,3,0.23201975635639266,0.23201975635639271,5.551115123125783e-17
protein_oxalate_full,Total_Oxalate,40,4,0.1761600181309435,0.17616001813094354,2.7755575615628914e-17
protein_oxalate_full,Total_Oxalate,40,5,0.1236518992035246,0.12365189920352455,-4.163336342344337e-17
protein_oxalate_full,Total_Oxalate,40,6,0.17876349864335178,0.17876349864335178,0.0
protein_oxalate_full,Total_Oxalate,40,7,0.1012567248459332,0.1012567248459332,0.0
protein_oxalate_full,Total_Oxalate,40,8,0.2567469040865387,0.2567469040865388,5.551115123125783e-17
protein_oxalate_full,Total_Oxalate,40,9,0.3525113571852335,0.3525113571852334,-1.1102230246251565e-16
protein_oxalate_full,Total_Oxalate,40,10,0.18178231529384814,0.1817823152938481,-2.7755575615628914e-17
protein_oxalate_full,Total_Oxalate,40,11,0.21888394293635333,0.21888394293635338,5.551115123125783e-17
protein_oxalate_full,Total_Oxalate,40,12,0.19281723065646772,0.19281723065646775,2.7755575615628914e-17
protein_oxalate_full,Total_Oxalate,40,13,0.30328732000659864,0.30328732000659864,0.0
protein_oxalate_full,Total_Oxalate,40,14,0.1987926168415176,0.19879261684151767,5.551115123125783e-17
protein_oxalate_full,Total_Oxalate,40,15,0.33674108774053196,0.3367410877405321,1.1102230246251565e-16
protein_oxalate_full,Total_Oxalate,40,16,0.2099415101609828,0.20994151016098267,-1.3877787807814457e-16
protein_oxalate_full,Total_Oxalate,40,17,0.2261891030893276,0.22618910308932755,-5.551115123125783e-17
protein_oxalate_full,Total_Oxalate,40,18,0.10651109012013407,0.10651109012013421,1.3877787807814457e-16
protein_oxalate_full,Total_Oxalate,40,19,0.21273683655030245,0.21273683655030245,0.0
protein_oxalate_full,Total_Oxalate,40,20,0.22222078879097718,0.22222078879097706,-1.1102230246251565e-16
protein_oxalate_full,Total_Oxalate,40,21,0.07983830809137062,0.07983830809137078,1.6653345369377348e-16
protein_oxalate_full,Total_Oxalate,40,22,0.3611549441183701,0.3611549441183702,5.551115123125783e-17
protein_oxalate_full,Total_Oxalate,40,23,0.2901817333191202,0.29018173331912034,1.1102230246251565e-16
protein_oxalate_full,Total_Oxalate,40,24,0.10185350426289297,0.10185350426289282,-1.5265566588595902e-16
protein_oxalate_full,Total_Oxalate,40,25,0.18311137846449527,0.18311137846449532,5.551115123125783e-17
protein_oxalate_full,Total_Oxalate,40,26,0.35734800083531015,0.35734800083531015,0.0
protein_oxalate_full,Total_Oxalate,40,27,0.17399403458328,0.1739940345832801,1.1102230246251565e-16
protein_oxalate_full,Total_Oxalate,40,28,0.2991908529586366,0.29919085295863657,-5.551115123125783e-17
protein_oxalate_full,Total_Oxalate,40,29,0.17028712109660293,0.17028712109660304,1.1102230246251565e-16
protein_oxalate_full,Total_Oxalate,40,30,0.20366341893502626,0.20366341893502624,-2.7755575615628914e-17
protein_oxalate_full,Total_Oxalate,40,31,0.3223960891917821,0.322396089191782,-1.1102230246251565e-16
protein_oxalate_full,Total_Oxalate,40,32,0.2949400630324376,0.29494006303243747,-1.1102230246251565e-16
protein_oxalate_full,Total_Oxalate,40,33,0.16895238753086547,0.1689523875308654,-8.326672684688674e-17
protein_oxalate_full,Total_Oxalate,40,34,0.20518053565375796,0.20518053565375788,-8.326672684688674e-17
protein_oxalate_full,Total_Oxalate,40,35,0.17424512334479236,0.1742451233447923,-5.551115123125783e-17
protein_oxalate_full,Total_Oxalate,40,36,0.17703631979380502,0.17703631979380516,1.3877787807814457e-16
protein_oxalate_full,Total_Oxalate,40,37,0.22004449904340898,0.220044499043409,2.7755575615628914e-17
protein_oxalate_full,Total_Oxalate,40,38,0.1363465108307394,0.1363465108307394,0.0
protein_oxalate_full,Total_Oxalate,40,39,0.2968462939286989,0.29684629392869877,-1.1102230246251565e-16
protein_oxalate_full,Total_Oxalate,40,40,0.1667122592238731,0.16671225922387323,1.3877787807814457e-16
protein_oxalate_full,Total_Oxalate,40,41,0.2121243171904536,0.21212431719045366,5.551115123125783e-17
protein_oxalate_full,Total_Oxalate,40,42,0.20968238734084838,0.20968238734084832,-5.551115123125783e-17
protein_oxalate_full,Total_Oxalate,40,43,0.21225041894744334,0.21225041894744331,-2.7755575615628914e-17
protein_oxalate_full,Total_Oxalate,40,44,0.11256155252628598,0.11256155252628591,-6.938893903907228e-17
protein_oxalate_full,Total_Oxalate,40,45,0.25862160308115,0.2586216030811502,1.6653345369377348e-16
protein_oxalate_full,Total_Oxalate,40,46,0.2984259283053885,0.29842592830538844,-5.551115123125783e-17
protein_oxalate_full,Total_Oxalate,40,47,0.16388680810529954,0.1638868081052995,-5.551115123125783e-17
protein_oxalate_full,Total_Oxalate,40,48,0.18920502941706688,0.1892050294170669,2.7755575615628914e-17
protein_oxalate_full,Total_Oxalate,40,49,0.030403105475247334,0.03040310547524727,-6.591949208711867e-17
protein_oxalate_full,Soluble_Oxalate,40,0,0.04911591679056909,0.04911591679056901,-8.326672684688674e-17
protein_oxalate_full,Soluble_Oxalate,40,1,0.14099082905081653,0.1409908290508166,8.326672684688674e-17
protein_oxalate_full,Soluble_Oxalate,40,2,-0.04435385637889419,-0.04435385637889417,2.0816681711721685e-17
protein_oxalate_full,Soluble_Oxalate,40,3,-0.07831041404779955,-0.07831041404779941,1.3877787807814457e-16
protein_oxalate_full,Soluble_Oxalate,40,4,-0.030418014604119567,-0.03041801460411933,2.3592239273284576e-16
protein_oxalate_full,Soluble_Oxalate,40,5,-0.23184240152575447,-0.23184240152575453,-5.551115123125783e-17
protein_oxalate_full,Soluble_Oxalate,40,6,-0.05858760490767714,-0.05858760490767711,3.469446951953614e-17
protein_oxalate_full,Soluble_Oxalate,40,7,-0.10327222200659833,-0.10327222200659855,-2.220446049250313e-16
protein_oxalate_full,Soluble_Oxalate,40,8,0.04576061049942923,0.04576061049942922,-6.938893903907228e-18
protein_oxalate_full,Soluble_Oxalate,40,9,0.04545433840309404,0.04545433840309402,-2.0816681711721685e-17
protein_oxalate_full,Soluble_Oxalate,40,10,-0.22257556879416732,-0.22257556879416732,0.0
protein_oxalate_full,Soluble_Oxalate,40,11,0.002416027782117469,0.002416027782117483,1.3877787807814457e-17
protein_oxalate_full,Soluble_Oxalate,40,12,0.00890460091423384,0.00890460091423384,0.0
protein_oxalate_full,Soluble_Oxalate,40,13,0.08768223728446053,0.08768223728446053,0.0
protein_oxalate_full,Soluble_Oxalate,40,14,0.011747550434697732,0.011747550434697676,-5.551115123125783e-17
protein_oxalate_full,Soluble_Oxalate,40,15,-0.09723093218732222,-0.09723093218732215,6.938893903907228e-17
protein_oxalate_full,Soluble_Oxalate,40,16,-0.05428192974138536,-0.05428192974138528,8.326672684688674e-17
protein_oxalate_full,Soluble_Oxalate,40,17,0.05882206031168452,0.05882206031168441,-1.1102230246251565e-16
protein_oxalate_full,Soluble_Oxalate,40,18,0.040297411608503086,0.040297411608503184,9.71445146547012e-17
protein_oxalate_full,Soluble_Oxalate,40,19,-0.09197222152570146,-0.09197222152570148,-1.3877787807814457e-17
protein_oxalate_full,Soluble_Oxalate,40,20,0.014325921279163947,0.014325921279164114,1.6653345369377348e-16
protein_oxalate_full,Soluble_Oxalate,40,21,-0.012254476817102289,-0.012254476817102372,-8.326672684688674e-17
protein_oxalate_full,Soluble_Oxalate,40,22,0.04921005953565749,0.04921005953565749,0.0
protein_oxalate_full,Soluble_Oxalate,40,23,0.018150773471645426,0.018150773471645176,-2.498001805406602e-16
protein_oxalate_full,Soluble_Oxalate,40,24,-0.0172298208084333,-0.017229820808433396,-9.71445146547012e-17
protein_oxalate_full,Soluble_Oxalate,40,25,0.057253607569070386,0.05725360756907036,-2.7755575615628914e-17
protein_oxalate_full,Soluble_Oxalate,40,26,0.07247570701886041,0.07247570701886039,-2.7755575615628914e-17
protein_oxalate_full,Soluble_Oxalate,40,27,0.11215511904366046,0.11215511904366049,2.7755575615628914e-17
protein_oxalate_full,Soluble_Oxalate,40,28,-0.09571848301366404,-0.09571848301366412,-8.326672684688674e-17
protein_oxalate_full,Soluble_Oxalate,40,29,-0.06749050537950857,-0.06749050537950854,2.7755575615628914e-17
protein_oxalate_full,Soluble_Oxalate,40,30,0.15117064619187837,0.1511706461918783,-5.551115123125783e-17
protein_oxalate_full,Soluble_Oxalate,40,31,0.05116595379044554,0.05116595379044547,-6.938893903907228e-17
protein_oxalate_full,Soluble_Oxalate,40,32,0.0813887884043384,0.08138878840433841,1.3877787807814457e-17
protein_oxalate_full,Soluble_Oxalate,40,33,-0.07629046185813268,-0.07629046185813265,2.7755575615628914e-17
protein_oxalate_full,Soluble_Oxalate,40,34,0.09108940076200356,0.09108940076200356,0.0
protein_oxalate_full,Soluble_Oxalate,40,35,-0.0851247469072808,-0.08512474690728082,-2.7755575615628914e-17
protein_oxalate_full,Soluble_Oxalate,40,36,-0.058594509603586496,-0.05859450960358639,1.0408340855860843e-16
protein_oxalate_full,Soluble_Oxalate,40,37,-0.04672105127456622,-0.04672105127456626,-4.163336342344337e-17
protein_oxalate_full,Soluble_Oxalate,40,38,0.07267482887114722,0.07267482887114717,-5.551115123125783e-17
protein_oxalate_full,Soluble_Oxalate,40,39,0.23852668435431168,0.23852668435431162,-5.551115123125783e-17
protein_oxalate_full,Soluble_Oxalate,40,40,-0.022602399369521874,-0.02260239936952184,3.469446951953614e-17
protein_oxalate_full,Soluble_Oxalate,40,41,-0.12120492289726648,-0.12120492289726655,-6.938893903907228e-17
protein_oxalate_full,Soluble_Oxalate,40,42,0.01808598171532147,0.018085981715321497,2.7755575615628914e-17
protein_oxalate_full,Soluble_Oxalate,40,43,0.018960975983280226,0.01896097598328028,5.551115123125783e-17
protein_oxalate_full,Soluble_Oxalate,40,44,-0.12177385522294609,-0.12177385522294609,0.0
protein_oxalate_full,Soluble_Oxalate,40,45,0.15058979140716056,0.15058979140716047,-8.326672684688674e-17
protein_oxalate_full,Soluble_Oxalate,40,46,0.1438109409341416,0.14381094093414154,-5.551115123125783e-17
protein_oxalate_full,Soluble_Oxalate,40,47,0.021738252404907357,0.02173825240490722,-1.3877787807814457e-16
protein_oxalate_full,Soluble_Oxalate,40,48,0.1330074734410679,0.1330074734410678,-8.326672684688674e-17
protein_oxalate_full,Soluble_Oxalate,40,49,-0.12898323419861352,-0.12898323419861352,0.0
protein_oxalate_full,Insoluble_Oxalate,40,0,0.20754904496995175,0.2075490449699518,5.551115123125783e-17
protein_oxalate_full,Insoluble_Oxalate,40,1,0.2530689018393884,0.2530689018393884,0.0
protein_oxalate_full,Insoluble_Oxalate,40,2,0.219859834080887,0.21985983408088688,-1.1102230246251565e-16
protein_oxalate_full,Insoluble_Oxalate,40,3,0.23562105282143303,0.23562105282143297,-5.551115123125783e-17
protein_oxalate_full,Insoluble_Oxalate,40,4,0.19661285974432846,0.1966128597443284,-5.551115123125783e-17
protein_oxalate_full,Insoluble_Oxalate,40,5,0.29255730319033524,0.2925573031903352,-5.551115123125783e-17
protein_oxalate_full,Insoluble_Oxalate,40,6,0.20521122808305933,0.20521122808305933,0.0
protein_oxalate_full,Insoluble_Oxalate,40,7,0.2379691377332074,0.23796913773320733,-8.326672684688674e-17
protein_oxalate_full,Insoluble_Oxalate,40,8,0.2555191181048735,0.2555191181048734,-1.1102230246251565e-16
protein_oxalate_full,Insoluble_Oxalate,40,9,0.2928777620118543,0.2928777620118541,-1.6653345369377348e-16
protein_oxalate_full,Insoluble_Oxalate,40,10,0.297689023482932,0.2976890234829321,5.551115123125783e-17
protein_oxalate_full,Insoluble_Oxalate,40,11,0.298446747265976,0.29844674726597603,5.551115123125783e-17
protein_oxalate_full,Insoluble_Oxalate,40,12,0.2215505580221326,0.22155055802213264,2.7755575615628914e-17
protein_oxalate_full,Insoluble_Oxalate,40,13,0.28185529343026744,0.2818552934302675,5.551115123125783e-17
protein_oxalate_full,Insoluble_Oxalate,40,14,0.18648978532542101,0.18648978532542104,2.7755575615628914e-17
protein_oxalate_full,Insoluble_Oxalate,40,15,0.3684411794505481,0.36844117945054794,-1.6653345369377348e-16
protein_oxalate_full,Insoluble_Oxalate,40,16,0.25658099214461066,0.2565809921446106,-5.551115123125783e-17
protein_oxalate_full,Insoluble_Oxalate,40,17,0.25037160930154606,0.25037160930154606,0.0
protein_oxalate_full,Insoluble_Oxalate,40,18,0.12526016977971086,0.12526016977971086,0.0
protein_oxalate_full,Insoluble_Oxalate,40,19,0.2515919589950082,0.2515919589950081,-1.1102230246251565e-16
protein_oxalate_full,Insoluble_Oxalate,40,20,0.21008511685199915,0.21008511685199904,-1.1102230246251565e-16
protein_oxalate_full,Insoluble_Oxalate,40,21,0.15083793640133514,0.15083793640133517,2.7755575615628914e-17
protein_oxalate_full,Insoluble_Oxalate,40,22,0.35759226269869515,0.35759226269869515,0.0
protein_oxalate_full,Insoluble_Oxalate,40,23,0.2957649397918914,0.29576493979189156,1.6653345369377348e-16
protein_oxalate_full,Insoluble_Oxalate,40,24,0.09297261375543944,0.09297261375543936,-8.326672684688674e-17
protein_oxalate_full,Insoluble_Oxalate,40,25,0.163795562615907,0.16379556261590697,-2.7755575615628914e-17
protein_oxalate_full,Insoluble_Oxalate,40,26,0.35239650332851713,0.35239650332851713,0.0
protein_oxalate_full,Insoluble_Oxalate,40,27,0.1844273673675877,0.1844273673675877,0.0
protein_oxalate_full,Insoluble_Oxalate,40,28,0.35388364991596427,0.35388364991596416,-1.1102230246251565e-16
protein_oxalate_full,Insoluble_Oxalate,40,29,0.22486820948330008,0.2248682094833001,2.7755575615628914e-17
protein_oxalate_full,Insoluble_Oxalate,40,30,0.1531934585361288,0.15319345853612887,5.551115123125783e-17
protein_oxalate_full,Insoluble_Oxalate,40,31,0.321865718336856,0.321865718336856,0.0
protein_oxalate_full,Insoluble_Oxalate,40,32,0.3014616534656546,0.3014616534656547,5.551115123125783e-17
protein_oxalate_full,Insoluble_Oxalate,40,33,0.2419535391871368,0.24195353918713675,-5.551115123125783e-17
protein_oxalate_full,Insoluble_Oxalate,40,34,0.17937188194806974,0.17937188194806966,-8.326672684688674e-17
protein_oxalate_full,Insoluble_Oxalate,40,35,0.1774365910163313,0.1774365910163314,1.1102230246251565e-16
protein_oxalate_full,Insoluble_Oxalate,40,36,0.24471753061291254,0.2447175306129125,-5.551115123125783e-17
protein_oxalate_full,Insoluble_Oxalate,40,37,0.2843860567078459,0.28438605670784595,5.551115123125783e-17
protein_oxalate_full,Insoluble_Oxalate,40,38,0.21274323794555228,0.21274323794555222,-5.551115123125783e-17
protein_oxalate_full,Insoluble_Oxalate,40,39,0.24203086004811308,0.24203086004811303,-5.551115123125783e-17
protein_oxalate_full,Insoluble_Oxalate,40,40,0.1623808864067354,0.16238088640673545,5.551115123125783e-17
protein_oxalate_full,Insoluble_Oxalate,40,41,0.28050787061332794,0.2805078706133278,-1.1102230246251565e-16
protein_oxalate_full,Insoluble_Oxalate,40,42,0.2116303792583812,0.21163037925838124,2.7755575615628914e-17
protein_oxalate_full,Insoluble_Oxalate,40,43,0.2380990499727082,0.2380990499727082,0.0
protein_oxalate_full,Insoluble_Oxalate,40,44,0.18311332797624397,0.183113327976244,2.7755575615628914e-17
protein_oxalate_full,Insoluble_Oxalate,40,45,0.2335836497327307,0.23358364973273069,-2.7755575615628914e-17
protein_oxalate_full,Insoluble_Oxalate,40,46,0.28458530936974813,0.28458530936974813,0.0
protein_oxalate_full,Insoluble_Oxalate,40,47,0.19822161643262465,0.19822161643262473,8.326672684688674e-17
protein_oxalate_full,Insoluble_Oxalate,40,48,0.156232917318828,0.15623291731882796,-2.7755575615628914e-17
protein_oxalate_full,Insoluble_Oxalate,40,49,0.16085656897442002,0.16085656897441997,-5.551115123125783e-17
